,Unnamed: 0.4,Unnamed: 0.3,Unnamed: 0.2,Unnamed: 0.1,Unnamed: 0,enrollee_id,target
0,0,0,0,0,0,32403,0
1,1,1,1,1,1,9858,0
2,2,2,2,2,2,31806,1
3,3,3,3,3,3,27385,0
4,4,4,4,4,4,27724,0
5,5,5,5,5,5,217,0
6,6,6,6,6,6,21465,1
7,7,7,7,7,7,27302,0
8,8,8,8,8,8,12994,0
9,9,9,9,9,9,16287,1
10,10,10,10,10,10,10856,0
11,11,11,11,11,11,9272,0
12,12,12,12,12,12,14249,0
13,13,13,13,13,13,24372,0
14,14,14,14,14,14,14070,0
15,15,15,15,15,15,24914,1
16,16,16,16,16,16,7865,1
17,17,17,17,17,17,7463,0
18,18,18,18,18,18,21514,1
19,19,19,19,19,19,29033,1
20,20,20,20,20,20,15359,1
21,21,21,21,21,21,16001,0
22,22,22,22,22,22,25202,1
23,23,23,23,23,23,5058,1
24,24,24,24,24,24,23570,0
25,25,25,25,25,25,19139,0
26,26,26,26,26,26,9548,0
27,27,27,27,27,27,8799,1
28,28,28,28,28,28,11113,0
29,29,29,29,29,29,19437,1
30,30,30,30,30,30,394,0
31,31,31,31,31,31,7683,0
32,32,32,32,32,32,22849,0
33,33,33,33,33,33,17189,1
34,34,34,34,34,34,28610,0
35,35,35,35,35,35,25608,0
36,36,36,36,36,36,22139,0
37,37,37,37,37,37,19644,0
38,38,38,38,38,38,18517,1
39,39,39,39,39,39,12835,0
40,40,40,40,40,40,20178,0
41,41,41,41,41,41,25855,0
42,42,42,42,42,42,32126,0
43,43,43,43,43,43,22753,0
44,44,44,44,44,44,18133,0
45,45,45,45,45,45,29242,1
46,46,46,46,46,46,6312,0
47,47,47,47,47,47,113,0
48,48,48,48,48,48,14685,0
49,49,49,49,49,49,20768,1
50,50,50,50,50,50,25906,0
51,51,51,51,51,51,20142,0
52,52,52,52,52,52,25891,0
53,53,53,53,53,53,4742,1
54,54,54,54,54,54,2222,0
55,55,55,55,55,55,16917,1
56,56,56,56,56,56,10493,1
57,57,57,57,57,57,10418,0
58,58,58,58,58,58,9766,0
59,59,59,59,59,59,1361,0
60,60,60,60,60,60,19625,0
61,61,61,61,61,61,20943,0
62,62,62,62,62,62,9561,0
63,63,63,63,63,63,4271,0
64,64,64,64,64,64,2094,0
65,65,65,65,65,65,16931,0
66,66,66,66,66,66,27298,0
67,67,67,67,67,67,26493,0
68,68,68,68,68,68,30745,1
69,69,69,69,69,69,21052,0
70,70,70,70,70,70,20723,1
71,71,71,71,71,71,13539,0
72,72,72,72,72,72,3214,0
73,73,73,73,73,73,16230,0
74,74,74,74,74,74,25300,0
75,75,75,75,75,75,24018,1
76,76,76,76,76,76,21833,0
77,77,77,77,77,77,30632,0
78,78,78,78,78,78,4334,0
79,79,79,79,79,79,22271,1
80,80,80,80,80,80,28776,0
81,81,81,81,81,81,27769,1
82,82,82,82,82,82,25909,0
83,83,83,83,83,83,31266,0
84,84,84,84,84,84,7973,0
85,85,85,85,85,85,30867,1
86,86,86,86,86,86,22501,0
87,87,87,87,87,87,2539,0
88,88,88,88,88,88,26681,0
89,89,89,89,89,89,16184,1
90,90,90,90,90,90,3852,0
91,91,91,91,91,91,1680,0
92,92,92,92,92,92,3562,0
93,93,93,93,93,93,8488,1
94,94,94,94,94,94,8373,0
95,95,95,95,95,95,2934,0
96,96,96,96,96,96,12919,0
97,97,97,97,97,97,4386,0
98,98,98,98,98,98,22462,0
99,99,99,99,99,99,13988,0
100,100,100,100,100,100,21230,0
101,101,101,101,101,101,26180,1
102,102,102,102,102,102,16658,0
103,103,103,103,103,103,10324,0
104,104,104,104,104,104,20453,0
105,105,105,105,105,105,13485,0
106,106,106,106,106,106,33080,0
107,107,107,107,107,107,25492,0
108,108,108,108,108,108,1319,0
109,109,109,109,109,109,19146,0
110,110,110,110,110,110,29339,0
111,111,111,111,111,111,33177,0
112,112,112,112,112,112,22143,0
113,113,113,113,113,113,22264,0
114,114,114,114,114,114,17034,0
115,115,115,115,115,115,27002,1
116,116,116,116,116,116,21318,0
117,117,117,117,117,117,12308,0
118,118,118,118,118,118,842,1
119,119,119,119,119,119,4926,0
120,120,120,120,120,120,3,0
121,121,121,121,121,121,19567,1
122,122,122,122,122,122,12809,0
123,123,123,123,123,123,22682,0
124,124,124,124,124,124,1216,0
125,125,125,125,125,125,4417,0
126,126,126,126,126,126,24162,1
127,127,127,127,127,127,16873,0
128,128,128,128,128,128,21920,0
129,129,129,129,129,129,24230,0
130,130,130,130,130,130,5189,0
131,131,131,131,131,131,24396,0
132,132,132,132,132,132,770,0
133,133,133,133,133,133,30913,0
134,134,134,134,134,134,14566,0
135,135,135,135,135,135,15634,0
136,136,136,136,136,136,18163,0
137,137,137,137,137,137,16673,1
138,138,138,138,138,138,18805,0
139,139,139,139,139,139,15367,1
140,140,140,140,140,140,22556,0
141,141,141,141,141,141,27439,0
142,142,142,142,142,142,18426,1
143,143,143,143,143,143,9789,0
144,144,144,144,144,144,28172,0
145,145,145,145,145,145,9184,0
146,146,146,146,146,146,3587,0
147,147,147,147,147,147,1167,0
148,148,148,148,148,148,1663,0
149,149,149,149,149,149,20948,0
150,150,150,150,150,150,31594,0
151,151,151,151,151,151,27117,1
152,152,152,152,152,152,678,0
153,153,153,153,153,153,1441,0
154,154,154,154,154,154,31272,1
155,155,155,155,155,155,12443,0
156,156,156,156,156,156,32981,0
157,157,157,157,157,157,1317,0
158,158,158,158,158,158,4601,0
159,159,159,159,159,159,30498,0
160,160,160,160,160,160,7863,0
161,161,161,161,161,161,8744,1
162,162,162,162,162,162,14698,0
163,163,163,163,163,163,10021,0
164,164,164,164,164,164,15253,0
165,165,165,165,165,165,18108,0
166,166,166,166,166,166,31410,0
167,167,167,167,167,167,30532,0
168,168,168,168,168,168,31733,0
169,169,169,169,169,169,28833,1
170,170,170,170,170,170,8708,1
171,171,171,171,171,171,10050,0
172,172,172,172,172,172,21685,0
173,173,173,173,173,173,18529,1
174,174,174,174,174,174,1850,0
175,175,175,175,175,175,22639,0
176,176,176,176,176,176,5967,1
177,177,177,177,177,177,20977,0
178,178,178,178,178,178,5391,1
179,179,179,179,179,179,4398,1
180,180,180,180,180,180,18383,1
181,181,181,181,181,181,17336,1
182,182,182,182,182,182,7470,0
183,183,183,183,183,183,24781,0
184,184,184,184,184,184,24202,0
185,185,185,185,185,185,20650,0
186,186,186,186,186,186,5377,0
187,187,187,187,187,187,31693,0
188,188,188,188,188,188,28619,0
189,189,189,189,189,189,15432,0
190,190,190,190,190,190,22999,1
191,191,191,191,191,191,8377,0
192,192,192,192,192,192,9302,1
193,193,193,193,193,193,16158,0
194,194,194,194,194,194,29575,1
195,195,195,195,195,195,16573,0
196,196,196,196,196,196,30736,1
197,197,197,197,197,197,20612,1
198,198,198,198,198,198,11976,0
199,199,199,199,199,199,28302,0
200,200,200,200,200,200,9462,1
201,201,201,201,201,201,14512,1
202,202,202,202,202,202,8401,0
203,203,203,203,203,203,19780,0
204,204,204,204,204,204,2594,1
205,205,205,205,205,205,1466,0
206,206,206,206,206,206,17205,0
207,207,207,207,207,207,12990,0
208,208,208,208,208,208,4234,0
209,209,209,209,209,209,18171,0
210,210,210,210,210,210,15457,0
211,211,211,211,211,211,23319,1
212,212,212,212,212,212,10598,0
213,213,213,213,213,213,7788,1
214,214,214,214,214,214,32021,0
215,215,215,215,215,215,23969,0
216,216,216,216,216,216,13037,0
217,217,217,217,217,217,30196,0
218,218,218,218,218,218,19504,1
219,219,219,219,219,219,16336,0
220,220,220,220,220,220,6048,0
221,221,221,221,221,221,6827,1
222,222,222,222,222,222,9268,0
223,223,223,223,223,223,11169,1
224,224,224,224,224,224,31131,0
225,225,225,225,225,225,12361,0
226,226,226,226,226,226,15165,0
227,227,227,227,227,227,27773,0
228,228,228,228,228,228,15266,0
229,229,229,229,229,229,26289,0
230,230,230,230,230,230,32553,0
231,231,231,231,231,231,33062,0
232,232,232,232,232,232,8818,0
233,233,233,233,233,233,15380,1
234,234,234,234,234,234,30120,1
235,235,235,235,235,235,24317,1
236,236,236,236,236,236,412,0
237,237,237,237,237,237,30607,1
238,238,238,238,238,238,8513,0
239,239,239,239,239,239,8596,0
240,240,240,240,240,240,14539,0
241,241,241,241,241,241,20456,0
242,242,242,242,242,242,15221,0
243,243,243,243,243,243,28968,0
244,244,244,244,244,244,21648,0
245,245,245,245,245,245,3210,0
246,246,246,246,246,246,22118,0
247,247,247,247,247,247,5605,0
248,248,248,248,248,248,30930,0
249,249,249,249,249,249,28718,0
250,250,250,250,250,250,8141,0
251,251,251,251,251,251,3486,0
252,252,252,252,252,252,8805,0
253,253,253,253,253,253,6602,1
254,254,254,254,254,254,14916,0
255,255,255,255,255,255,21636,0
256,256,256,256,256,256,9047,0
257,257,257,257,257,257,6694,0
258,258,258,258,258,258,17793,1
259,259,259,259,259,259,32857,0
260,260,260,260,260,260,26325,1
261,261,261,261,261,261,20907,0
262,262,262,262,262,262,12617,0
263,263,263,263,263,263,24295,0
264,264,264,264,264,264,32409,1
265,265,265,265,265,265,16713,0
266,266,266,266,266,266,4863,1
267,267,267,267,267,267,13274,1
268,268,268,268,268,268,12462,1
269,269,269,269,269,269,8524,0
270,270,270,270,270,270,21728,0
271,271,271,271,271,271,20577,1
272,272,272,272,272,272,3407,1
273,273,273,273,273,273,27184,0
274,274,274,274,274,274,28845,0
275,275,275,275,275,275,2851,0
276,276,276,276,276,276,485,0
277,277,277,277,277,277,7207,0
278,278,278,278,278,278,9005,1
279,279,279,279,279,279,4532,0
280,280,280,280,280,280,23235,0
281,281,281,281,281,281,5403,0
282,282,282,282,282,282,8232,0
283,283,283,283,283,283,40,1
284,284,284,284,284,284,8991,1
285,285,285,285,285,285,28620,0
286,286,286,286,286,286,16355,1
287,287,287,287,287,287,18340,1
288,288,288,288,288,288,5138,1
289,289,289,289,289,289,12391,0
290,290,290,290,290,290,15550,0
291,291,291,291,291,291,27155,0
292,292,292,292,292,292,19883,0
293,293,293,293,293,293,25140,0
294,294,294,294,294,294,27463,0
295,295,295,295,295,295,23894,1
296,296,296,296,296,296,18285,0
297,297,297,297,297,297,25415,0
298,298,298,298,298,298,9894,0
299,299,299,299,299,299,15242,0
300,300,300,300,300,300,8485,1
301,301,301,301,301,301,11982,0
302,302,302,302,302,302,28370,0
303,303,303,303,303,303,17047,0
304,304,304,304,304,304,24941,1
305,305,305,305,305,305,28936,0
306,306,306,306,306,306,9562,0
307,307,307,307,307,307,30061,0
308,308,308,308,308,308,2718,1
309,309,309,309,309,309,24681,0
310,310,310,310,310,310,16210,0
311,311,311,311,311,311,1517,0
312,312,312,312,312,312,29475,0
313,313,313,313,313,313,32233,1
314,314,314,314,314,314,26601,0
315,315,315,315,315,315,22457,1
316,316,316,316,316,316,30759,1
317,317,317,317,317,317,27417,0
318,318,318,318,318,318,18983,1
319,319,319,319,319,319,32085,0
320,320,320,320,320,320,13197,0
321,321,321,321,321,321,14026,0
322,322,322,322,322,322,19719,1
323,323,323,323,323,323,30046,0
324,324,324,324,324,324,10446,1
325,325,325,325,325,325,5907,1
326,326,326,326,326,326,1392,0
327,327,327,327,327,327,10348,0
328,328,328,328,328,328,7957,0
329,329,329,329,329,329,19058,0
330,330,330,330,330,330,19243,0
331,331,331,331,331,331,7770,0
332,332,332,332,332,332,15910,0
333,333,333,333,333,333,30486,0
334,334,334,334,334,334,20333,1
335,335,335,335,335,335,6816,1
336,336,336,336,336,336,26209,0
337,337,337,337,337,337,10803,0
338,338,338,338,338,338,26411,0
339,339,339,339,339,339,31555,0
340,340,340,340,340,340,15564,0
341,341,341,341,341,341,28764,1
342,342,342,342,342,342,14172,0
343,343,343,343,343,343,3068,1
344,344,344,344,344,344,27164,0
345,345,345,345,345,345,20887,0
346,346,346,346,346,346,27102,0
347,347,347,347,347,347,14534,0
348,348,348,348,348,348,9021,0
349,349,349,349,349,349,6527,0
350,350,350,350,350,350,7615,0
351,351,351,351,351,351,11392,0
352,352,352,352,352,352,33148,1
353,353,353,353,353,353,20910,1
354,354,354,354,354,354,20269,0
355,355,355,355,355,355,23670,0
356,356,356,356,356,356,19946,0
357,357,357,357,357,357,29652,0
358,358,358,358,358,358,23770,0
359,359,359,359,359,359,24340,0
360,360,360,360,360,360,18737,0
361,361,361,361,361,361,24739,0
362,362,362,362,362,362,31072,0
363,363,363,363,363,363,32629,0
364,364,364,364,364,364,4184,0
365,365,365,365,365,365,19028,0
366,366,366,366,366,366,12295,0
367,367,367,367,367,367,17898,0
368,368,368,368,368,368,25160,0
369,369,369,369,369,369,13000,0
370,370,370,370,370,370,8849,0
371,371,371,371,371,371,4773,0
372,372,372,372,372,372,23867,0
373,373,373,373,373,373,25341,0
374,374,374,374,374,374,1456,0
375,375,375,375,375,375,22152,0
376,376,376,376,376,376,6560,0
377,377,377,377,377,377,22829,0
378,378,378,378,378,378,4745,0
379,379,379,379,379,379,22814,0
380,380,380,380,380,380,23233,0
381,381,381,381,381,381,26370,0
382,382,382,382,382,382,12695,1
383,383,383,383,383,383,11888,0
384,384,384,384,384,384,319,0
385,385,385,385,385,385,2510,1
386,386,386,386,386,386,5298,0
387,387,387,387,387,387,18400,0
388,388,388,388,388,388,30849,1
389,389,389,389,389,389,31123,0
390,390,390,390,390,390,15829,0
391,391,391,391,391,391,15578,0
392,392,392,392,392,392,4037,0
393,393,393,393,393,393,29658,0
394,394,394,394,394,394,10171,0
395,395,395,395,395,395,1937,0
396,396,396,396,396,396,7376,0
397,397,397,397,397,397,25243,0
398,398,398,398,398,398,9234,0
399,399,399,399,399,399,8471,0
400,400,400,400,400,400,5367,0
401,401,401,401,401,401,5576,0
402,402,402,402,402,402,5488,0
403,403,403,403,403,403,18306,0
404,404,404,404,404,404,2063,0
405,405,405,405,405,405,14205,0
406,406,406,406,406,406,16490,0
407,407,407,407,407,407,10560,0
408,408,408,408,408,408,23064,0
409,409,409,409,409,409,32545,0
410,410,410,410,410,410,29833,1
411,411,411,411,411,411,14200,0
412,412,412,412,412,412,29830,1
413,413,413,413,413,413,21423,1
414,414,414,414,414,414,13869,0
415,415,415,415,415,415,28259,0
416,416,416,416,416,416,9618,0
417,417,417,417,417,417,18209,1
418,418,418,418,418,418,27437,0
419,419,419,419,419,419,17129,0
420,420,420,420,420,420,8349,0
421,421,421,421,421,421,6179,0
422,422,422,422,422,422,28842,1
423,423,423,423,423,423,26563,0
424,424,424,424,424,424,19256,1
425,425,425,425,425,425,25579,0
426,426,426,426,426,426,27521,0
427,427,427,427,427,427,31378,0
428,428,428,428,428,428,14870,1
429,429,429,429,429,429,11929,0
430,430,430,430,430,430,14585,1
431,431,431,431,431,431,32487,0
432,432,432,432,432,432,15593,0
433,433,433,433,433,433,13170,0
434,434,434,434,434,434,24544,0
435,435,435,435,435,435,11613,0
436,436,436,436,436,436,30221,1
437,437,437,437,437,437,28251,0
438,438,438,438,438,438,4062,0
439,439,439,439,439,439,29018,0
440,440,440,440,440,440,26433,0
441,441,441,441,441,441,5489,0
442,442,442,442,442,442,19459,0
443,443,443,443,443,443,6017,1
444,444,444,444,444,444,24261,1
445,445,445,445,445,445,16705,0
446,446,446,446,446,446,16540,0
447,447,447,447,447,447,7508,0
448,448,448,448,448,448,32650,0
449,449,449,449,449,449,21381,1
450,450,450,450,450,450,9487,1
451,451,451,451,451,451,9040,0
452,452,452,452,452,452,12854,0
453,453,453,453,453,453,32495,0
454,454,454,454,454,454,1622,1
455,455,455,455,455,455,15660,1
456,456,456,456,456,456,4052,0
457,457,457,457,457,457,23279,0
458,458,458,458,458,458,20286,1
459,459,459,459,459,459,13832,1
460,460,460,460,460,460,8066,1
461,461,461,461,461,461,31585,0
462,462,462,462,462,462,1249,0
463,463,463,463,463,463,10843,0
464,464,464,464,464,464,9706,0
465,465,465,465,465,465,14601,1
466,466,466,466,466,466,5823,0
467,467,467,467,467,467,1148,0
468,468,468,468,468,468,31284,0
469,469,469,469,469,469,21383,0
470,470,470,470,470,470,32156,0
471,471,471,471,471,471,14110,0
472,472,472,472,472,472,20035,1
473,473,473,473,473,473,20872,1
474,474,474,474,474,474,14568,1
475,475,475,475,475,475,12115,0
476,476,476,476,476,476,26440,0
477,477,477,477,477,477,28319,0
478,478,478,478,478,478,11654,1
479,479,479,479,479,479,22964,0
480,480,480,480,480,480,6834,0
481,481,481,481,481,481,15305,0
482,482,482,482,482,482,14669,0
483,483,483,483,483,483,15978,0
484,484,484,484,484,484,32027,0
485,485,485,485,485,485,4806,0
486,486,486,486,486,486,23700,0
487,487,487,487,487,487,5956,1
488,488,488,488,488,488,2441,0
489,489,489,489,489,489,20068,0
490,490,490,490,490,490,18369,1
491,491,491,491,491,491,28121,1
492,492,492,492,492,492,15061,0
493,493,493,493,493,493,7443,0
494,494,494,494,494,494,14456,1
495,495,495,495,495,495,1864,0
496,496,496,496,496,496,23766,0
497,497,497,497,497,497,13051,0
498,498,498,498,498,498,25644,0
499,499,499,499,499,499,16941,0
500,500,500,500,500,500,30388,0
501,501,501,501,501,501,5861,0
502,502,502,502,502,502,9840,1
503,503,503,503,503,503,16203,0
504,504,504,504,504,504,23986,1
505,505,505,505,505,505,6889,0
506,506,506,506,506,506,3658,0
507,507,507,507,507,507,4004,0
508,508,508,508,508,508,14620,0
509,509,509,509,509,509,18979,0
510,510,510,510,510,510,25101,0
511,511,511,511,511,511,10873,1
512,512,512,512,512,512,24570,0
513,513,513,513,513,513,25051,1
514,514,514,514,514,514,22366,0
515,515,515,515,515,515,11762,0
516,516,516,516,516,516,9993,0
517,517,517,517,517,517,31464,0
518,518,518,518,518,518,5040,1
519,519,519,519,519,519,976,0
520,520,520,520,520,520,30784,0
521,521,521,521,521,521,31557,0
522,522,522,522,522,522,22982,0
523,523,523,523,523,523,29300,0
524,524,524,524,524,524,5932,0
525,525,525,525,525,525,31852,0
526,526,526,526,526,526,20833,0
527,527,527,527,527,527,9501,0
528,528,528,528,528,528,9707,1
529,529,529,529,529,529,20756,0
530,530,530,530,530,530,11541,0
531,531,531,531,531,531,28084,0
532,532,532,532,532,532,9726,0
533,533,533,533,533,533,31483,0
534,534,534,534,534,534,17440,1
535,535,535,535,535,535,30836,1
536,536,536,536,536,536,139,0
537,537,537,537,537,537,2606,1
538,538,538,538,538,538,14158,0
539,539,539,539,539,539,13100,0
540,540,540,540,540,540,30502,0
541,541,541,541,541,541,24245,0
542,542,542,542,542,542,28562,0
543,543,543,543,543,543,12735,0
544,544,544,544,544,544,4114,0
545,545,545,545,545,545,30367,0
546,546,546,546,546,546,5412,0
547,547,547,547,547,547,27834,0
548,548,548,548,548,548,4709,0
549,549,549,549,549,549,23880,0
550,550,550,550,550,550,18607,0
551,551,551,551,551,551,15527,0
552,552,552,552,552,552,13748,0
553,553,553,553,553,553,24331,1
554,554,554,554,554,554,10636,0
555,555,555,555,555,555,12488,0
556,556,556,556,556,556,16660,0
557,557,557,557,557,557,2892,0
558,558,558,558,558,558,6332,0
559,559,559,559,559,559,6504,0
560,560,560,560,560,560,19043,0
561,561,561,561,561,561,22715,0
562,562,562,562,562,562,27606,0
563,563,563,563,563,563,33052,0
564,564,564,564,564,564,6793,0
565,565,565,565,565,565,16595,1
566,566,566,566,566,566,18261,0
567,567,567,567,567,567,27307,0
568,568,568,568,568,568,25699,1
569,569,569,569,569,569,11707,0
570,570,570,570,570,570,21613,1
571,571,571,571,571,571,32057,0
572,572,572,572,572,572,115,0
573,573,573,573,573,573,6823,0
574,574,574,574,574,574,14353,0
575,575,575,575,575,575,26805,0
576,576,576,576,576,576,15635,1
577,577,577,577,577,577,26417,0
578,578,578,578,578,578,3848,0
579,579,579,579,579,579,17211,1
580,580,580,580,580,580,13103,0
581,581,581,581,581,581,5243,1
582,582,582,582,582,582,2107,0
583,583,583,583,583,583,30974,0
584,584,584,584,584,584,2998,0
585,585,585,585,585,585,22975,0
586,586,586,586,586,586,27239,1
587,587,587,587,587,587,18463,1
588,588,588,588,588,588,21490,1
589,589,589,589,589,589,30657,0
590,590,590,590,590,590,32075,1
591,591,591,591,591,591,31141,0
592,592,592,592,592,592,2340,0
593,593,593,593,593,593,21188,0
594,594,594,594,594,594,24156,1
595,595,595,595,595,595,32584,0
596,596,596,596,596,596,6515,1
597,597,597,597,597,597,14292,0
598,598,598,598,598,598,16125,0
599,599,599,599,599,599,25802,0
600,600,600,600,600,600,19385,1
601,601,601,601,601,601,27304,0
602,602,602,602,602,602,3697,0
603,603,603,603,603,603,11800,0
604,604,604,604,604,604,180,0
605,605,605,605,605,605,7733,1
606,606,606,606,606,606,6935,0
607,607,607,607,607,607,4082,0
608,608,608,608,608,608,31959,0
609,609,609,609,609,609,25113,1
610,610,610,610,610,610,14329,0
611,611,611,611,611,611,15570,0
612,612,612,612,612,612,32516,0
613,613,613,613,613,613,2535,0
614,614,614,614,614,614,16014,0
615,615,615,615,615,615,24251,0
616,616,616,616,616,616,31019,1
617,617,617,617,617,617,21012,0
618,618,618,618,618,618,22140,0
619,619,619,619,619,619,21462,0
620,620,620,620,620,620,20786,0
621,621,621,621,621,621,32404,0
622,622,622,622,622,622,16084,1
623,623,623,623,623,623,20103,0
624,624,624,624,624,624,22525,0
625,625,625,625,625,625,13230,0
626,626,626,626,626,626,29502,0
627,627,627,627,627,627,11646,0
628,628,628,628,628,628,6058,0
629,629,629,629,629,629,30892,0
630,630,630,630,630,630,31017,0
631,631,631,631,631,631,23803,0
632,632,632,632,632,632,6831,1
633,633,633,633,633,633,20380,1
634,634,634,634,634,634,15629,0
635,635,635,635,635,635,17342,1
636,636,636,636,636,636,22359,0
637,637,637,637,637,637,27610,0
638,638,638,638,638,638,26769,1
639,639,639,639,639,639,3979,0
640,640,640,640,640,640,25171,0
641,641,641,641,641,641,23379,0
642,642,642,642,642,642,18138,0
643,643,643,643,643,643,31687,0
644,644,644,644,644,644,23739,0
645,645,645,645,645,645,8392,0
646,646,646,646,646,646,6427,0
647,647,647,647,647,647,27813,0
648,648,648,648,648,648,20687,1
649,649,649,649,649,649,22527,1
650,650,650,650,650,650,33343,1
651,651,651,651,651,651,818,0
652,652,652,652,652,652,31669,1
653,653,653,653,653,653,10952,1
654,654,654,654,654,654,16331,0
655,655,655,655,655,655,32029,0
656,656,656,656,656,656,21152,0
657,657,657,657,657,657,23488,0
658,658,658,658,658,658,11945,1
659,659,659,659,659,659,1670,1
660,660,660,660,660,660,16104,0
661,661,661,661,661,661,4158,0
662,662,662,662,662,662,29781,0
663,663,663,663,663,663,6720,1
664,664,664,664,664,664,14369,0
665,665,665,665,665,665,20235,0
666,666,666,666,666,666,3617,0
667,667,667,667,667,667,30756,1
668,668,668,668,668,668,22625,1
669,669,669,669,669,669,22057,1
670,670,670,670,670,670,20635,1
671,671,671,671,671,671,1588,1
672,672,672,672,672,672,234,0
673,673,673,673,673,673,18752,1
674,674,674,674,674,674,18128,0
675,675,675,675,675,675,18260,0
676,676,676,676,676,676,19332,0
677,677,677,677,677,677,9564,0
678,678,678,678,678,678,5685,0
679,679,679,679,679,679,18063,0
680,680,680,680,680,680,27124,0
681,681,681,681,681,681,3395,1
682,682,682,682,682,682,22310,0
683,683,683,683,683,683,15977,1
684,684,684,684,684,684,4917,0
685,685,685,685,685,685,19102,0
686,686,686,686,686,686,23275,1
687,687,687,687,687,687,13157,0
688,688,688,688,688,688,13269,0
689,689,689,689,689,689,29977,1
690,690,690,690,690,690,20571,0
691,691,691,691,691,691,23883,1
692,692,692,692,692,692,33033,0
693,693,693,693,693,693,10579,1
694,694,694,694,694,694,5258,1
695,695,695,695,695,695,853,0
696,696,696,696,696,696,27245,1
697,697,697,697,697,697,30670,0
698,698,698,698,698,698,22497,1
699,699,699,699,699,699,3218,0
700,700,700,700,700,700,464,1
701,701,701,701,701,701,15770,0
702,702,702,702,702,702,18264,0
703,703,703,703,703,703,32066,1
704,704,704,704,704,704,11386,0
705,705,705,705,705,705,17502,0
706,706,706,706,706,706,32273,1
707,707,707,707,707,707,27543,0
708,708,708,708,708,708,16317,1
709,709,709,709,709,709,2852,0
710,710,710,710,710,710,5056,0
711,711,711,711,711,711,17504,0
712,712,712,712,712,712,24585,1
713,713,713,713,713,713,11734,0
714,714,714,714,714,714,16675,0
715,715,715,715,715,715,23344,1
716,716,716,716,716,716,21786,0
717,717,717,717,717,717,31079,1
718,718,718,718,718,718,33251,0
719,719,719,719,719,719,7805,0
720,720,720,720,720,720,8911,0
721,721,721,721,721,721,7315,1
722,722,722,722,722,722,28132,1
723,723,723,723,723,723,8367,0
724,724,724,724,724,724,27909,0
725,725,725,725,725,725,32320,0
726,726,726,726,726,726,15441,0
727,727,727,727,727,727,25999,1
728,728,728,728,728,728,20169,1
729,729,729,729,729,729,11682,0
730,730,730,730,730,730,26581,0
731,731,731,731,731,731,14832,1
732,732,732,732,732,732,18023,0
733,733,733,733,733,733,18963,0
734,734,734,734,734,734,9105,1
735,735,735,735,735,735,18344,1
736,736,736,736,736,736,576,0
737,737,737,737,737,737,2656,0
738,738,738,738,738,738,16881,0
739,739,739,739,739,739,30245,1
740,740,740,740,740,740,9630,0
741,741,741,741,741,741,3580,0
742,742,742,742,742,742,14773,0
743,743,743,743,743,743,31238,0
744,744,744,744,744,744,1633,0
745,745,745,745,745,745,1995,1
746,746,746,746,746,746,30587,0
747,747,747,747,747,747,32369,0
748,748,748,748,748,748,3722,1
749,749,749,749,749,749,10721,0
750,750,750,750,750,750,407,0
751,751,751,751,751,751,31098,0
752,752,752,752,752,752,4053,0
753,753,753,753,753,753,13782,1
754,754,754,754,754,754,20767,0
755,755,755,755,755,755,20113,0
756,756,756,756,756,756,4674,1
757,757,757,757,757,757,2444,0
758,758,758,758,758,758,19966,0
759,759,759,759,759,759,26367,1
760,760,760,760,760,760,19508,0
761,761,761,761,761,761,13006,1
762,762,762,762,762,762,7563,0
763,763,763,763,763,763,25993,0
764,764,764,764,764,764,18013,0
765,765,765,765,765,765,27699,0
766,766,766,766,766,766,3003,0
767,767,767,767,767,767,6620,0
768,768,768,768,768,768,4364,0
769,769,769,769,769,769,2296,0
770,770,770,770,770,770,17958,0
771,771,771,771,771,771,9740,0
772,772,772,772,772,772,1304,0
773,773,773,773,773,773,28735,0
774,774,774,774,774,774,32212,1
775,775,775,775,775,775,14053,0
776,776,776,776,776,776,22641,0
777,777,777,777,777,777,17900,1
778,778,778,778,778,778,31333,0
779,779,779,779,779,779,501,1
780,780,780,780,780,780,18104,0
781,781,781,781,781,781,6092,0
782,782,782,782,782,782,17249,0
783,783,783,783,783,783,1227,1
784,784,784,784,784,784,23515,0
785,785,785,785,785,785,16309,0
786,786,786,786,786,786,5368,1
787,787,787,787,787,787,27693,0
788,788,788,788,788,788,2582,0
789,789,789,789,789,789,12096,1
790,790,790,790,790,790,17526,0
791,791,791,791,791,791,23647,0
792,792,792,792,792,792,11440,0
793,793,793,793,793,793,7942,0
794,794,794,794,794,794,12064,1
795,795,795,795,795,795,2170,0
796,796,796,796,796,796,15663,1
797,797,797,797,797,797,18378,1
798,798,798,798,798,798,5943,0
799,799,799,799,799,799,8578,1
800,800,800,800,800,800,28645,0
801,801,801,801,801,801,5101,0
802,802,802,802,802,802,14529,0
803,803,803,803,803,803,26235,0
804,804,804,804,804,804,24260,0
805,805,805,805,805,805,17549,1
806,806,806,806,806,806,17610,0
807,807,807,807,807,807,10246,0
808,808,808,808,808,808,8990,0
809,809,809,809,809,809,20459,1
810,810,810,810,810,810,22775,1
811,811,811,811,811,811,11212,0
812,812,812,812,812,812,11963,0
813,813,813,813,813,813,14516,1
814,814,814,814,814,814,6464,0
815,815,815,815,815,815,31981,0
816,816,816,816,816,816,19350,0
817,817,817,817,817,817,675,0
818,818,818,818,818,818,3374,1
819,819,819,819,819,819,24495,0
820,820,820,820,820,820,8484,0
821,821,821,821,821,821,12459,1
822,822,822,822,822,822,29414,0
823,823,823,823,823,823,10548,0
824,824,824,824,824,824,29383,0
825,825,825,825,825,825,13373,1
826,826,826,826,826,826,21283,0
827,827,827,827,827,827,2280,1
828,828,828,828,828,828,5624,0
829,829,829,829,829,829,6778,1
830,830,830,830,830,830,2926,0
831,831,831,831,831,831,20431,1
832,832,832,832,832,832,29537,0
833,833,833,833,833,833,4450,1
834,834,834,834,834,834,25833,1
835,835,835,835,835,835,33112,0
836,836,836,836,836,836,547,0
837,837,837,837,837,837,9270,0
838,838,838,838,838,838,15566,0
839,839,839,839,839,839,30826,0
840,840,840,840,840,840,250,0
841,841,841,841,841,841,25714,0
842,842,842,842,842,842,28267,1
843,843,843,843,843,843,4504,1
844,844,844,844,844,844,12581,0
845,845,845,845,845,845,15483,0
846,846,846,846,846,846,2894,0
847,847,847,847,847,847,15726,0
848,848,848,848,848,848,17117,0
849,849,849,849,849,849,14182,0
850,850,850,850,850,850,3699,0
851,851,851,851,851,851,29624,0
852,852,852,852,852,852,16168,0
853,853,853,853,853,853,9800,0
854,854,854,854,854,854,9544,1
855,855,855,855,855,855,1433,0
856,856,856,856,856,856,27458,0
857,857,857,857,857,857,4804,1
858,858,858,858,858,858,24376,0
859,859,859,859,859,859,31613,0
860,860,860,860,860,860,26895,0
861,861,861,861,861,861,17085,0
862,862,862,862,862,862,22698,1
863,863,863,863,863,863,146,0
864,864,864,864,864,864,24022,0
865,865,865,865,865,865,14658,0
866,866,866,866,866,866,21548,0
867,867,867,867,867,867,9827,1
868,868,868,868,868,868,18544,1
869,869,869,869,869,869,28874,0
870,870,870,870,870,870,6361,0
871,871,871,871,871,871,13089,0
872,872,872,872,872,872,23426,0
873,873,873,873,873,873,22520,1
874,874,874,874,874,874,9649,0
875,875,875,875,875,875,23255,1
876,876,876,876,876,876,24081,0
877,877,877,877,877,877,23116,0
878,878,878,878,878,878,27338,1
879,879,879,879,879,879,14873,0
880,880,880,880,880,880,11886,0
881,881,881,881,881,881,9207,0
882,882,882,882,882,882,3291,0
883,883,883,883,883,883,5002,0
884,884,884,884,884,884,6768,1
885,885,885,885,885,885,6281,0
886,886,886,886,886,886,11155,0
887,887,887,887,887,887,14342,0
888,888,888,888,888,888,10394,0
889,889,889,889,889,889,14014,0
890,890,890,890,890,890,28671,0
891,891,891,891,891,891,5109,0
892,892,892,892,892,892,31775,0
893,893,893,893,893,893,17944,0
894,894,894,894,894,894,7499,0
895,895,895,895,895,895,13124,1
896,896,896,896,896,896,22808,1
897,897,897,897,897,897,29695,0
898,898,898,898,898,898,6167,0
899,899,899,899,899,899,137,0
900,900,900,900,900,900,19494,0
901,901,901,901,901,901,33277,1
902,902,902,902,902,902,3760,0
903,903,903,903,903,903,6837,0
904,904,904,904,904,904,27220,0
905,905,905,905,905,905,26985,0
906,906,906,906,906,906,23667,0
907,907,907,907,907,907,7793,0
908,908,908,908,908,908,11502,1
909,909,909,909,909,909,5882,0
910,910,910,910,910,910,24978,1
911,911,911,911,911,911,25866,0
912,912,912,912,912,912,30020,1
913,913,913,913,913,913,5380,0
914,914,914,914,914,914,20045,0
915,915,915,915,915,915,26651,0
916,916,916,916,916,916,14077,0
917,917,917,917,917,917,32000,0
918,918,918,918,918,918,26694,1
919,919,919,919,919,919,167,0
920,920,920,920,920,920,28381,0
921,921,921,921,921,921,24612,0
922,922,922,922,922,922,17481,1
923,923,923,923,923,923,28007,1
924,924,924,924,924,924,26178,1
925,925,925,925,925,925,13467,1
926,926,926,926,926,926,5720,1
927,927,927,927,927,927,18565,1
928,928,928,928,928,928,17018,0
929,929,929,929,929,929,13047,0
930,930,930,930,930,930,20475,1
931,931,931,931,931,931,5150,0
932,932,932,932,932,932,31451,1
933,933,933,933,933,933,14621,0
934,934,934,934,934,934,29123,0
935,935,935,935,935,935,13949,0
936,936,936,936,936,936,2269,1
937,937,937,937,937,937,12814,0
938,938,938,938,938,938,5255,1
939,939,939,939,939,939,3880,0
940,940,940,940,940,940,25297,0
941,941,941,941,941,941,27008,1
942,942,942,942,942,942,1886,0
943,943,943,943,943,943,31129,0
944,944,944,944,944,944,1123,0
945,945,945,945,945,945,9149,0
946,946,946,946,946,946,21962,0
947,947,947,947,947,947,462,1
948,948,948,948,948,948,2677,1
949,949,949,949,949,949,18648,0
950,950,950,950,950,950,25612,0
951,951,951,951,951,951,2784,0
952,952,952,952,952,952,33064,1
953,953,953,953,953,953,3543,0
954,954,954,954,954,954,16419,0
955,955,955,955,955,955,31606,0
956,956,956,956,956,956,5800,0
957,957,957,957,957,957,9032,0
958,958,958,958,958,958,32908,1
959,959,959,959,959,959,31186,0
960,960,960,960,960,960,18411,1
961,961,961,961,961,961,7636,0
962,962,962,962,962,962,25586,0
963,963,963,963,963,963,2583,0
964,964,964,964,964,964,560,0
965,965,965,965,965,965,5514,0
966,966,966,966,966,966,3624,0
967,967,967,967,967,967,1274,0
968,968,968,968,968,968,4957,0
969,969,969,969,969,969,7424,0
970,970,970,970,970,970,12055,1
971,971,971,971,971,971,9163,1
972,972,972,972,972,972,29171,0
973,973,973,973,973,973,16193,0
974,974,974,974,974,974,25623,1
975,975,975,975,975,975,2575,0
976,976,976,976,976,976,21353,0
977,977,977,977,977,977,9106,0
978,978,978,978,978,978,30470,0
979,979,979,979,979,979,20437,0
980,980,980,980,980,980,18316,0
981,981,981,981,981,981,11956,0
982,982,982,982,982,982,8713,0
983,983,983,983,983,983,12951,0
984,984,984,984,984,984,23795,0
985,985,985,985,985,985,25933,0
986,986,986,986,986,986,14271,1
987,987,987,987,987,987,25129,1
988,988,988,988,988,988,344,0
989,989,989,989,989,989,31672,1
990,990,990,990,990,990,6400,0
991,991,991,991,991,991,30719,0
992,992,992,992,992,992,26660,0
993,993,993,993,993,993,14428,1
994,994,994,994,994,994,6225,0
995,995,995,995,995,995,7773,1
996,996,996,996,996,996,7720,0
997,997,997,997,997,997,2018,0
998,998,998,998,998,998,5485,0
999,999,999,999,999,999,23288,0
1000,1000,1000,1000,1000,1000,33010,0
1001,1001,1001,1001,1001,1001,4819,0
1002,1002,1002,1002,1002,1002,3127,0
1003,1003,1003,1003,1003,1003,32360,0
1004,1004,1004,1004,1004,1004,23133,0
1005,1005,1005,1005,1005,1005,28972,1
1006,1006,1006,1006,1006,1006,7439,1
1007,1007,1007,1007,1007,1007,28333,1
1008,1008,1008,1008,1008,1008,25726,0
1009,1009,1009,1009,1009,1009,15009,0
1010,1010,1010,1010,1010,1010,20205,0
1011,1011,1011,1011,1011,1011,31245,0
1012,1012,1012,1012,1012,1012,10810,1
1013,1013,1013,1013,1013,1013,1172,0
1014,1014,1014,1014,1014,1014,10809,0
1015,1015,1015,1015,1015,1015,16944,0
1016,1016,1016,1016,1016,1016,12829,0
1017,1017,1017,1017,1017,1017,24246,0
1018,1018,1018,1018,1018,1018,33108,0
1019,1019,1019,1019,1019,1019,5484,0
1020,1020,1020,1020,1020,1020,20725,0
1021,1021,1021,1021,1021,1021,19501,1
1022,1022,1022,1022,1022,1022,19468,0
1023,1023,1023,1023,1023,1023,1097,0
1024,1024,1024,1024,1024,1024,31984,0
1025,1025,1025,1025,1025,1025,172,0
1026,1026,1026,1026,1026,1026,4899,0
1027,1027,1027,1027,1027,1027,19171,0
1028,1028,1028,1028,1028,1028,21296,0
1029,1029,1029,1029,1029,1029,14156,0
1030,1030,1030,1030,1030,1030,31565,0
1031,1031,1031,1031,1031,1031,21308,1
1032,1032,1032,1032,1032,1032,691,0
1033,1033,1033,1033,1033,1033,15225,0
1034,1034,1034,1034,1034,1034,852,0
1035,1035,1035,1035,1035,1035,3413,0
1036,1036,1036,1036,1036,1036,33234,0
1037,1037,1037,1037,1037,1037,13314,1
1038,1038,1038,1038,1038,1038,30921,0
1039,1039,1039,1039,1039,1039,17072,0
1040,1040,1040,1040,1040,1040,31230,0
1041,1041,1041,1041,1041,1041,6689,0
1042,1042,1042,1042,1042,1042,19117,0
1043,1043,1043,1043,1043,1043,32259,0
1044,1044,1044,1044,1044,1044,15640,1
1045,1045,1045,1045,1045,1045,16690,0
1046,1046,1046,1046,1046,1046,10928,1
1047,1047,1047,1047,1047,1047,10640,0
1048,1048,1048,1048,1048,1048,14904,0
1049,1049,1049,1049,1049,1049,5160,0
1050,1050,1050,1050,1050,1050,8239,1
1051,1051,1051,1051,1051,1051,11912,0
1052,1052,1052,1052,1052,1052,23554,0
1053,1053,1053,1053,1053,1053,17221,1
1054,1054,1054,1054,1054,1054,25072,0
1055,1055,1055,1055,1055,1055,19240,0
1056,1056,1056,1056,1056,1056,12151,0
1057,1057,1057,1057,1057,1057,26963,0
1058,1058,1058,1058,1058,1058,2889,0
1059,1059,1059,1059,1059,1059,19260,0
1060,1060,1060,1060,1060,1060,7626,1
1061,1061,1061,1061,1061,1061,31896,0
1062,1062,1062,1062,1062,1062,17673,0
1063,1063,1063,1063,1063,1063,12645,1
1064,1064,1064,1064,1064,1064,13726,0
1065,1065,1065,1065,1065,1065,14240,0
1066,1066,1066,1066,1066,1066,5113,0
1067,1067,1067,1067,1067,1067,32646,1
1068,1068,1068,1068,1068,1068,30645,0
1069,1069,1069,1069,1069,1069,14500,1
1070,1070,1070,1070,1070,1070,16525,0
1071,1071,1071,1071,1071,1071,20663,0
1072,1072,1072,1072,1072,1072,8897,1
1073,1073,1073,1073,1073,1073,10049,0
1074,1074,1074,1074,1074,1074,13543,0
1075,1075,1075,1075,1075,1075,1250,0
1076,1076,1076,1076,1076,1076,16345,0
1077,1077,1077,1077,1077,1077,3673,0
1078,1078,1078,1078,1078,1078,17165,1
1079,1079,1079,1079,1079,1079,8587,0
1080,1080,1080,1080,1080,1080,7903,0
1081,1081,1081,1081,1081,1081,28390,1
1082,1082,1082,1082,1082,1082,18101,0
1083,1083,1083,1083,1083,1083,3408,0
1084,1084,1084,1084,1084,1084,3619,0
1085,1085,1085,1085,1085,1085,9335,0
1086,1086,1086,1086,1086,1086,31337,0
1087,1087,1087,1087,1087,1087,18903,0
1088,1088,1088,1088,1088,1088,1406,0
1089,1089,1089,1089,1089,1089,31133,1
1090,1090,1090,1090,1090,1090,30475,0
1091,1091,1091,1091,1091,1091,11339,1
1092,1092,1092,1092,1092,1092,10455,1
1093,1093,1093,1093,1093,1093,22881,0
1094,1094,1094,1094,1094,1094,29667,0
1095,1095,1095,1095,1095,1095,16517,0
1096,1096,1096,1096,1096,1096,15094,0
1097,1097,1097,1097,1097,1097,2682,0
1098,1098,1098,1098,1098,1098,7679,1
1099,1099,1099,1099,1099,1099,2954,0
1100,1100,1100,1100,1100,1100,12709,1
1101,1101,1101,1101,1101,1101,24845,0
1102,1102,1102,1102,1102,1102,6829,1
1103,1103,1103,1103,1103,1103,12810,0
1104,1104,1104,1104,1104,1104,20607,0
1105,1105,1105,1105,1105,1105,10429,0
1106,1106,1106,1106,1106,1106,18781,0
1107,1107,1107,1107,1107,1107,21189,0
1108,1108,1108,1108,1108,1108,19996,0
1109,1109,1109,1109,1109,1109,24837,0
1110,1110,1110,1110,1110,1110,4955,0
1111,1111,1111,1111,1111,1111,32766,0
1112,1112,1112,1112,1112,1112,6209,1
1113,1113,1113,1113,1113,1113,24293,1
1114,1114,1114,1114,1114,1114,28090,0
1115,1115,1115,1115,1115,1115,11842,0
1116,1116,1116,1116,1116,1116,13211,0
1117,1117,1117,1117,1117,1117,26309,1
1118,1118,1118,1118,1118,1118,4832,0
1119,1119,1119,1119,1119,1119,23885,0
1120,1120,1120,1120,1120,1120,27278,0
1121,1121,1121,1121,1121,1121,32853,0
1122,1122,1122,1122,1122,1122,3264,0
1123,1123,1123,1123,1123,1123,9997,0
1124,1124,1124,1124,1124,1124,21496,0
1125,1125,1125,1125,1125,1125,20570,1
1126,1126,1126,1126,1126,1126,11907,0
1127,1127,1127,1127,1127,1127,28629,0
1128,1128,1128,1128,1128,1128,31388,0
1129,1129,1129,1129,1129,1129,14538,1
1130,1130,1130,1130,1130,1130,28,0
1131,1131,1131,1131,1131,1131,32099,0
1132,1132,1132,1132,1132,1132,6356,0
1133,1133,1133,1133,1133,1133,16058,0
1134,1134,1134,1134,1134,1134,10198,0
1135,1135,1135,1135,1135,1135,24993,0
1136,1136,1136,1136,1136,1136,28864,0
1137,1137,1137,1137,1137,1137,1206,0
1138,1138,1138,1138,1138,1138,14412,0
1139,1139,1139,1139,1139,1139,19987,0
1140,1140,1140,1140,1140,1140,15586,0
1141,1141,1141,1141,1141,1141,17424,1
1142,1142,1142,1142,1142,1142,19783,0
1143,1143,1143,1143,1143,1143,15763,0
1144,1144,1144,1144,1144,1144,6433,1
1145,1145,1145,1145,1145,1145,7881,0
1146,1146,1146,1146,1146,1146,9237,0
1147,1147,1147,1147,1147,1147,26656,0
1148,1148,1148,1148,1148,1148,14019,0
1149,1149,1149,1149,1149,1149,27036,0
1150,1150,1150,1150,1150,1150,8304,0
1151,1151,1151,1151,1151,1151,16458,1
1152,1152,1152,1152,1152,1152,16138,0
1153,1153,1153,1153,1153,1153,8701,0
1154,1154,1154,1154,1154,1154,14281,0
1155,1155,1155,1155,1155,1155,1968,0
1156,1156,1156,1156,1156,1156,742,0
1157,1157,1157,1157,1157,1157,17953,0
1158,1158,1158,1158,1158,1158,660,0
1159,1159,1159,1159,1159,1159,10829,0
1160,1160,1160,1160,1160,1160,14159,0
1161,1161,1161,1161,1161,1161,13603,0
1162,1162,1162,1162,1162,1162,18232,0
1163,1163,1163,1163,1163,1163,14574,1
1164,1164,1164,1164,1164,1164,24725,1
1165,1165,1165,1165,1165,1165,10737,0
1166,1166,1166,1166,1166,1166,15141,0
1167,1167,1167,1167,1167,1167,25308,1
1168,1168,1168,1168,1168,1168,23084,0
1169,1169,1169,1169,1169,1169,25465,0
1170,1170,1170,1170,1170,1170,12340,0
1171,1171,1171,1171,1171,1171,15589,0
1172,1172,1172,1172,1172,1172,129,0
1173,1173,1173,1173,1173,1173,19641,0
1174,1174,1174,1174,1174,1174,8083,0
1175,1175,1175,1175,1175,1175,4166,0
1176,1176,1176,1176,1176,1176,14586,1
1177,1177,1177,1177,1177,1177,21822,0
1178,1178,1178,1178,1178,1178,2415,0
1179,1179,1179,1179,1179,1179,1382,0
1180,1180,1180,1180,1180,1180,30373,0
1181,1181,1181,1181,1181,1181,1135,0
1182,1182,1182,1182,1182,1182,29230,0
1183,1183,1183,1183,1183,1183,16972,0
1184,1184,1184,1184,1184,1184,25730,0
1185,1185,1185,1185,1185,1185,17021,0
1186,1186,1186,1186,1186,1186,19032,0
1187,1187,1187,1187,1187,1187,6154,0
1188,1188,1188,1188,1188,1188,2744,0
1189,1189,1189,1189,1189,1189,621,0
1190,1190,1190,1190,1190,1190,14035,1
1191,1191,1191,1191,1191,1191,13621,0
1192,1192,1192,1192,1192,1192,19202,0
1193,1193,1193,1193,1193,1193,29010,1
1194,1194,1194,1194,1194,1194,3606,1
1195,1195,1195,1195,1195,1195,22214,0
1196,1196,1196,1196,1196,1196,16245,0
1197,1197,1197,1197,1197,1197,30639,0
1198,1198,1198,1198,1198,1198,28365,0
1199,1199,1199,1199,1199,1199,30546,0
1200,1200,1200,1200,1200,1200,7792,0
1201,1201,1201,1201,1201,1201,12846,1
1202,1202,1202,1202,1202,1202,25038,0
1203,1203,1203,1203,1203,1203,17919,0
1204,1204,1204,1204,1204,1204,6465,0
1205,1205,1205,1205,1205,1205,13836,0
1206,1206,1206,1206,1206,1206,30399,0
1207,1207,1207,1207,1207,1207,27949,0
1208,1208,1208,1208,1208,1208,27512,0
1209,1209,1209,1209,1209,1209,22507,0
1210,1210,1210,1210,1210,1210,656,1
1211,1211,1211,1211,1211,1211,23663,1
1212,1212,1212,1212,1212,1212,30907,0
1213,1213,1213,1213,1213,1213,30023,0
1214,1214,1214,1214,1214,1214,22045,0
1215,1215,1215,1215,1215,1215,2209,0
1216,1216,1216,1216,1216,1216,4838,0
1217,1217,1217,1217,1217,1217,28498,0
1218,1218,1218,1218,1218,1218,1179,0
1219,1219,1219,1219,1219,1219,10682,0
1220,1220,1220,1220,1220,1220,20707,1
1221,1221,1221,1221,1221,1221,31228,1
1222,1222,1222,1222,1222,1222,11642,0
1223,1223,1223,1223,1223,1223,14477,1
1224,1224,1224,1224,1224,1224,25737,1
1225,1225,1225,1225,1225,1225,21032,0
1226,1226,1226,1226,1226,1226,30770,1
1227,1227,1227,1227,1227,1227,28733,0
1228,1228,1228,1228,1228,1228,26032,1
1229,1229,1229,1229,1229,1229,2421,1
1230,1230,1230,1230,1230,1230,6027,0
1231,1231,1231,1231,1231,1231,7266,1
1232,1232,1232,1232,1232,1232,20956,0
1233,1233,1233,1233,1233,1233,26068,0
1234,1234,1234,1234,1234,1234,20179,0
1235,1235,1235,1235,1235,1235,32956,0
1236,1236,1236,1236,1236,1236,12570,1
1237,1237,1237,1237,1237,1237,7689,1
1238,1238,1238,1238,1238,1238,19653,1
1239,1239,1239,1239,1239,1239,8447,0
1240,1240,1240,1240,1240,1240,18513,0
1241,1241,1241,1241,1241,1241,4066,0
1242,1242,1242,1242,1242,1242,613,0
1243,1243,1243,1243,1243,1243,12437,0
1244,1244,1244,1244,1244,1244,20917,0
1245,1245,1245,1245,1245,1245,12505,1
1246,1246,1246,1246,1246,1246,22510,1
1247,1247,1247,1247,1247,1247,6642,1
1248,1248,1248,1248,1248,1248,8562,0
1249,1249,1249,1249,1249,1249,13030,0
1250,1250,1250,1250,1250,1250,33291,0
1251,1251,1251,1251,1251,1251,10469,1
1252,1252,1252,1252,1252,1252,30777,0
1253,1253,1253,1253,1253,1253,31756,1
1254,1254,1254,1254,1254,1254,3879,0
1255,1255,1255,1255,1255,1255,16255,1
1256,1256,1256,1256,1256,1256,5050,1
1257,1257,1257,1257,1257,1257,4273,0
1258,1258,1258,1258,1258,1258,14867,0
1259,1259,1259,1259,1259,1259,16180,0
1260,1260,1260,1260,1260,1260,8491,0
1261,1261,1261,1261,1261,1261,23514,0
1262,1262,1262,1262,1262,1262,14398,0
1263,1263,1263,1263,1263,1263,11444,0
1264,1264,1264,1264,1264,1264,22303,0
1265,1265,1265,1265,1265,1265,7391,1
1266,1266,1266,1266,1266,1266,9195,1
1267,1267,1267,1267,1267,1267,7519,0
1268,1268,1268,1268,1268,1268,15307,0
1269,1269,1269,1269,1269,1269,24683,0
1270,1270,1270,1270,1270,1270,27067,1
1271,1271,1271,1271,1271,1271,11327,0
1272,1272,1272,1272,1272,1272,2529,1
1273,1273,1273,1273,1273,1273,31349,0
1274,1274,1274,1274,1274,1274,30739,0
1275,1275,1275,1275,1275,1275,32141,0
1276,1276,1276,1276,1276,1276,7759,0
1277,1277,1277,1277,1277,1277,16286,0
1278,1278,1278,1278,1278,1278,5381,0
1279,1279,1279,1279,1279,1279,16782,0
1280,1280,1280,1280,1280,1280,8122,0
1281,1281,1281,1281,1281,1281,4370,1
1282,1282,1282,1282,1282,1282,13883,0
1283,1283,1283,1283,1283,1283,21673,0
1284,1284,1284,1284,1284,1284,24268,0
1285,1285,1285,1285,1285,1285,17200,1
1286,1286,1286,1286,1286,1286,31533,0
1287,1287,1287,1287,1287,1287,23172,0
1288,1288,1288,1288,1288,1288,1647,0
1289,1289,1289,1289,1289,1289,1276,0
1290,1290,1290,1290,1290,1290,19942,1
1291,1291,1291,1291,1291,1291,26888,1
1292,1292,1292,1292,1292,1292,11667,0
1293,1293,1293,1293,1293,1293,3890,0
1294,1294,1294,1294,1294,1294,17267,0
1295,1295,1295,1295,1295,1295,4934,0
1296,1296,1296,1296,1296,1296,2752,1
1297,1297,1297,1297,1297,1297,6413,0
1298,1298,1298,1298,1298,1298,5817,0
1299,1299,1299,1299,1299,1299,27952,1
1300,1300,1300,1300,1300,1300,6402,1
1301,1301,1301,1301,1301,1301,2358,1
1302,1302,1302,1302,1302,1302,7645,0
1303,1303,1303,1303,1303,1303,15411,0
1304,1304,1304,1304,1304,1304,32727,1
1305,1305,1305,1305,1305,1305,32693,0
1306,1306,1306,1306,1306,1306,471,0
1307,1307,1307,1307,1307,1307,16922,0
1308,1308,1308,1308,1308,1308,31991,0
1309,1309,1309,1309,1309,1309,16212,1
1310,1310,1310,1310,1310,1310,22477,0
1311,1311,1311,1311,1311,1311,11514,0
1312,1312,1312,1312,1312,1312,28290,0
1313,1313,1313,1313,1313,1313,11473,0
1314,1314,1314,1314,1314,1314,28584,0
1315,1315,1315,1315,1315,1315,9209,0
1316,1316,1316,1316,1316,1316,28252,1
1317,1317,1317,1317,1317,1317,30158,0
1318,1318,1318,1318,1318,1318,18492,1
1319,1319,1319,1319,1319,1319,18940,0
1320,1320,1320,1320,1320,1320,30512,0
1321,1321,1321,1321,1321,1321,19654,1
1322,1322,1322,1322,1322,1322,16577,1
1323,1323,1323,1323,1323,1323,17836,0
1324,1324,1324,1324,1324,1324,29074,1
1325,1325,1325,1325,1325,1325,25155,1
1326,1326,1326,1326,1326,1326,31796,0
1327,1327,1327,1327,1327,1327,30965,1
1328,1328,1328,1328,1328,1328,7212,1
1329,1329,1329,1329,1329,1329,20419,1
1330,1330,1330,1330,1330,1330,27143,1
1331,1331,1331,1331,1331,1331,33134,0
1332,1332,1332,1332,1332,1332,21657,1
1333,1333,1333,1333,1333,1333,14255,0
1334,1334,1334,1334,1334,1334,11728,0
1335,1335,1335,1335,1335,1335,915,0
1336,1336,1336,1336,1336,1336,7987,1
1337,1337,1337,1337,1337,1337,25241,0
1338,1338,1338,1338,1338,1338,18483,0
1339,1339,1339,1339,1339,1339,7032,0
1340,1340,1340,1340,1340,1340,31668,0
1341,1341,1341,1341,1341,1341,22870,0
1342,1342,1342,1342,1342,1342,13142,0
1343,1343,1343,1343,1343,1343,11481,0
1344,1344,1344,1344,1344,1344,1679,0
1345,1345,1345,1345,1345,1345,15849,0
1346,1346,1346,1346,1346,1346,22392,1
1347,1347,1347,1347,1347,1347,29223,0
1348,1348,1348,1348,1348,1348,5296,0
1349,1349,1349,1349,1349,1349,25329,0
1350,1350,1350,1350,1350,1350,15164,1
1351,1351,1351,1351,1351,1351,5780,0
1352,1352,1352,1352,1352,1352,14767,0
1353,1353,1353,1353,1353,1353,7926,1
1354,1354,1354,1354,1354,1354,32606,1
1355,1355,1355,1355,1355,1355,30295,1
1356,1356,1356,1356,1356,1356,2436,0
1357,1357,1357,1357,1357,1357,12407,0
1358,1358,1358,1358,1358,1358,5509,0
1359,1359,1359,1359,1359,1359,33300,0
1360,1360,1360,1360,1360,1360,12374,0
1361,1361,1361,1361,1361,1361,23562,1
1362,1362,1362,1362,1362,1362,27420,1
1363,1363,1363,1363,1363,1363,15974,0
1364,1364,1364,1364,1364,1364,13204,0
1365,1365,1365,1365,1365,1365,12453,0
1366,1366,1366,1366,1366,1366,21071,0
1367,1367,1367,1367,1367,1367,795,0
1368,1368,1368,1368,1368,1368,80,0
1369,1369,1369,1369,1369,1369,8509,1
1370,1370,1370,1370,1370,1370,27199,0
1371,1371,1371,1371,1371,1371,4393,0
1372,1372,1372,1372,1372,1372,26993,1
1373,1373,1373,1373,1373,1373,9753,1
1374,1374,1374,1374,1374,1374,17074,0
1375,1375,1375,1375,1375,1375,9291,0
1376,1376,1376,1376,1376,1376,21210,0
1377,1377,1377,1377,1377,1377,6548,0
1378,1378,1378,1378,1378,1378,5601,1
1379,1379,1379,1379,1379,1379,29159,0
1380,1380,1380,1380,1380,1380,20909,0
1381,1381,1381,1381,1381,1381,13140,0
1382,1382,1382,1382,1382,1382,8903,0
1383,1383,1383,1383,1383,1383,20079,0
1384,1384,1384,1384,1384,1384,24628,0
1385,1385,1385,1385,1385,1385,5482,0
1386,1386,1386,1386,1386,1386,16050,0
1387,1387,1387,1387,1387,1387,18581,1
1388,1388,1388,1388,1388,1388,14438,1
1389,1389,1389,1389,1389,1389,8031,0
1390,1390,1390,1390,1390,1390,32710,0
1391,1391,1391,1391,1391,1391,5857,0
1392,1392,1392,1392,1392,1392,28799,0
1393,1393,1393,1393,1393,1393,19726,0
1394,1394,1394,1394,1394,1394,6191,0
1395,1395,1395,1395,1395,1395,32521,0
1396,1396,1396,1396,1396,1396,29176,0
1397,1397,1397,1397,1397,1397,28278,0
1398,1398,1398,1398,1398,1398,2625,0
1399,1399,1399,1399,1399,1399,15587,0
1400,1400,1400,1400,1400,1400,14741,0
1401,1401,1401,1401,1401,1401,19210,0
1402,1402,1402,1402,1402,1402,21015,0
1403,1403,1403,1403,1403,1403,2010,0
1404,1404,1404,1404,1404,1404,8942,0
1405,1405,1405,1405,1405,1405,9586,0
1406,1406,1406,1406,1406,1406,6444,0
1407,1407,1407,1407,1407,1407,1604,0
1408,1408,1408,1408,1408,1408,24158,1
1409,1409,1409,1409,1409,1409,24017,0
1410,1410,1410,1410,1410,1410,24362,0
1411,1411,1411,1411,1411,1411,29969,0
1412,1412,1412,1412,1412,1412,16831,0
1413,1413,1413,1413,1413,1413,28518,0
1414,1414,1414,1414,1414,1414,21039,0
1415,1415,1415,1415,1415,1415,1776,0
1416,1416,1416,1416,1416,1416,1678,0
1417,1417,1417,1417,1417,1417,11188,0
1418,1418,1418,1418,1418,1418,5346,0
1419,1419,1419,1419,1419,1419,25867,0
1420,1420,1420,1420,1420,1420,8335,0
1421,1421,1421,1421,1421,1421,29417,0
1422,1422,1422,1422,1422,1422,28383,1
1423,1423,1423,1423,1423,1423,31485,0
1424,1424,1424,1424,1424,1424,11330,0
1425,1425,1425,1425,1425,1425,13259,0
1426,1426,1426,1426,1426,1426,7539,0
1427,1427,1427,1427,1427,1427,18271,1
1428,1428,1428,1428,1428,1428,19556,0
1429,1429,1429,1429,1429,1429,31232,1
1430,1430,1430,1430,1430,1430,1175,0
1431,1431,1431,1431,1431,1431,8107,0
1432,1432,1432,1432,1432,1432,2768,0
1433,1433,1433,1433,1433,1433,26448,0
1434,1434,1434,1434,1434,1434,22700,0
1435,1435,1435,1435,1435,1435,10287,0
1436,1436,1436,1436,1436,1436,21246,0
1437,1437,1437,1437,1437,1437,9098,1
1438,1438,1438,1438,1438,1438,17952,0
1439,1439,1439,1439,1439,1439,3889,0
1440,1440,1440,1440,1440,1440,268,0
1441,1441,1441,1441,1441,1441,27376,0
1442,1442,1442,1442,1442,1442,22042,0
1443,1443,1443,1443,1443,1443,32395,0
1444,1444,1444,1444,1444,1444,16955,0
1445,1445,1445,1445,1445,1445,15027,0
1446,1446,1446,1446,1446,1446,27771,0
1447,1447,1447,1447,1447,1447,25918,0
1448,1448,1448,1448,1448,1448,28694,0
1449,1449,1449,1449,1449,1449,10523,1
1450,1450,1450,1450,1450,1450,12163,0
1451,1451,1451,1451,1451,1451,10279,1
1452,1452,1452,1452,1452,1452,20918,0
1453,1453,1453,1453,1453,1453,22940,0
1454,1454,1454,1454,1454,1454,11283,0
1455,1455,1455,1455,1455,1455,15682,0
1456,1456,1456,1456,1456,1456,29890,0
1457,1457,1457,1457,1457,1457,24998,0
1458,1458,1458,1458,1458,1458,15853,0
1459,1459,1459,1459,1459,1459,14581,0
1460,1460,1460,1460,1460,1460,27390,0
1461,1461,1461,1461,1461,1461,21976,0
1462,1462,1462,1462,1462,1462,28808,0
1463,1463,1463,1463,1463,1463,14285,0
1464,1464,1464,1464,1464,1464,7784,0
1465,1465,1465,1465,1465,1465,15973,1
1466,1466,1466,1466,1466,1466,24155,1
1467,1467,1467,1467,1467,1467,24815,0
1468,1468,1468,1468,1468,1468,21023,0
1469,1469,1469,1469,1469,1469,27787,0
1470,1470,1470,1470,1470,1470,24378,1
1471,1471,1471,1471,1471,1471,7346,0
1472,1472,1472,1472,1472,1472,25958,0
1473,1473,1473,1473,1473,1473,32635,1
1474,1474,1474,1474,1474,1474,1985,1
1475,1475,1475,1475,1475,1475,288,0
1476,1476,1476,1476,1476,1476,27281,0
1477,1477,1477,1477,1477,1477,7953,1
1478,1478,1478,1478,1478,1478,366,1
1479,1479,1479,1479,1479,1479,27108,0
1480,1480,1480,1480,1480,1480,9514,0
1481,1481,1481,1481,1481,1481,17386,0
1482,1482,1482,1482,1482,1482,4889,0
1483,1483,1483,1483,1483,1483,22974,0
1484,1484,1484,1484,1484,1484,28176,0
1485,1485,1485,1485,1485,1485,17224,0
1486,1486,1486,1486,1486,1486,32636,1
1487,1487,1487,1487,1487,1487,21511,0
1488,1488,1488,1488,1488,1488,25408,1
1489,1489,1489,1489,1489,1489,10308,0
1490,1490,1490,1490,1490,1490,6509,0
1491,1491,1491,1491,1491,1491,12676,0
1492,1492,1492,1492,1492,1492,22320,0
1493,1493,1493,1493,1493,1493,19403,1
1494,1494,1494,1494,1494,1494,25679,0
1495,1495,1495,1495,1495,1495,25097,1
1496,1496,1496,1496,1496,1496,30538,0
1497,1497,1497,1497,1497,1497,29321,0
1498,1498,1498,1498,1498,1498,5083,0
1499,1499,1499,1499,1499,1499,17194,0
1500,1500,1500,1500,1500,1500,25371,0
1501,1501,1501,1501,1501,1501,25629,0
1502,1502,1502,1502,1502,1502,2790,1
1503,1503,1503,1503,1503,1503,31615,0
1504,1504,1504,1504,1504,1504,9134,1
1505,1505,1505,1505,1505,1505,23968,0
1506,1506,1506,1506,1506,1506,24908,1
1507,1507,1507,1507,1507,1507,22712,0
1508,1508,1508,1508,1508,1508,11063,0
1509,1509,1509,1509,1509,1509,16129,1
1510,1510,1510,1510,1510,1510,25292,0
1511,1511,1511,1511,1511,1511,11796,0
1512,1512,1512,1512,1512,1512,31234,0
1513,1513,1513,1513,1513,1513,4581,0
1514,1514,1514,1514,1514,1514,17703,0
1515,1515,1515,1515,1515,1515,30036,0
1516,1516,1516,1516,1516,1516,9837,0
1517,1517,1517,1517,1517,1517,2715,1
1518,1518,1518,1518,1518,1518,22652,0
1519,1519,1519,1519,1519,1519,15158,0
1520,1520,1520,1520,1520,1520,830,0
1521,1521,1521,1521,1521,1521,24660,0
1522,1522,1522,1522,1522,1522,2915,1
1523,1523,1523,1523,1523,1523,18322,0
1524,1524,1524,1524,1524,1524,23189,0
1525,1525,1525,1525,1525,1525,25544,0
1526,1526,1526,1526,1526,1526,15534,0
1527,1527,1527,1527,1527,1527,12312,1
1528,1528,1528,1528,1528,1528,7789,0
1529,1529,1529,1529,1529,1529,6335,0
1530,1530,1530,1530,1530,1530,17675,0
1531,1531,1531,1531,1531,1531,7156,0
1532,1532,1532,1532,1532,1532,14816,0
1533,1533,1533,1533,1533,1533,31402,0
1534,1534,1534,1534,1534,1534,12759,0
1535,1535,1535,1535,1535,1535,18706,0
1536,1536,1536,1536,1536,1536,5266,0
1537,1537,1537,1537,1537,1537,27308,1
1538,1538,1538,1538,1538,1538,6721,0
1539,1539,1539,1539,1539,1539,667,0
1540,1540,1540,1540,1540,1540,3027,0
1541,1541,1541,1541,1541,1541,8735,1
1542,1542,1542,1542,1542,1542,24238,1
1543,1543,1543,1543,1543,1543,28911,0
1544,1544,1544,1544,1544,1544,18575,1
1545,1545,1545,1545,1545,1545,15098,0
1546,1546,1546,1546,1546,1546,33308,1
1547,1547,1547,1547,1547,1547,185,0
1548,1548,1548,1548,1548,1548,25603,0
1549,1549,1549,1549,1549,1549,27386,0
1550,1550,1550,1550,1550,1550,28630,0
1551,1551,1551,1551,1551,1551,32243,0
1552,1552,1552,1552,1552,1552,3635,0
1553,1553,1553,1553,1553,1553,30957,0
1554,1554,1554,1554,1554,1554,2326,0
1555,1555,1555,1555,1555,1555,17950,1
1556,1556,1556,1556,1556,1556,32910,1
1557,1557,1557,1557,1557,1557,32353,0
1558,1558,1558,1558,1558,1558,13462,1
1559,1559,1559,1559,1559,1559,28937,0
1560,1560,1560,1560,1560,1560,29276,1
1561,1561,1561,1561,1561,1561,16082,0
1562,1562,1562,1562,1562,1562,515,0
1563,1563,1563,1563,1563,1563,31826,0
1564,1564,1564,1564,1564,1564,14515,0
1565,1565,1565,1565,1565,1565,26722,1
1566,1566,1566,1566,1566,1566,2937,0
1567,1567,1567,1567,1567,1567,30103,0
1568,1568,1568,1568,1568,1568,25100,0
1569,1569,1569,1569,1569,1569,13397,0
1570,1570,1570,1570,1570,1570,8413,0
1571,1571,1571,1571,1571,1571,11413,1
1572,1572,1572,1572,1572,1572,9556,0
1573,1573,1573,1573,1573,1573,28061,1
1574,1574,1574,1574,1574,1574,32374,0
1575,1575,1575,1575,1575,1575,16251,1
1576,1576,1576,1576,1576,1576,23674,1
1577,1577,1577,1577,1577,1577,16689,0
1578,1578,1578,1578,1578,1578,8042,0
1579,1579,1579,1579,1579,1579,9055,1
1580,1580,1580,1580,1580,1580,12674,0
1581,1581,1581,1581,1581,1581,16328,0
1582,1582,1582,1582,1582,1582,22099,0
1583,1583,1583,1583,1583,1583,6314,0
1584,1584,1584,1584,1584,1584,4579,1
1585,1585,1585,1585,1585,1585,11640,1
1586,1586,1586,1586,1586,1586,5126,0
1587,1587,1587,1587,1587,1587,11401,0
1588,1588,1588,1588,1588,1588,5841,0
1589,1589,1589,1589,1589,1589,1838,1
1590,1590,1590,1590,1590,1590,6398,0
1591,1591,1591,1591,1591,1591,18267,0
1592,1592,1592,1592,1592,1592,22591,1
1593,1593,1593,1593,1593,1593,12996,0
1594,1594,1594,1594,1594,1594,8514,0
1595,1595,1595,1595,1595,1595,3862,0
1596,1596,1596,1596,1596,1596,29762,0
1597,1597,1597,1597,1597,1597,32795,1
1598,1598,1598,1598,1598,1598,9918,0
1599,1599,1599,1599,1599,1599,10162,0
1600,1600,1600,1600,1600,1600,18847,0
1601,1601,1601,1601,1601,1601,26138,0
1602,1602,1602,1602,1602,1602,30294,0
1603,1603,1603,1603,1603,1603,31629,0
1604,1604,1604,1604,1604,1604,32019,1
1605,1605,1605,1605,1605,1605,29341,0
1606,1606,1606,1606,1606,1606,31465,0
1607,1607,1607,1607,1607,1607,19158,0
1608,1608,1608,1608,1608,1608,26354,0
1609,1609,1609,1609,1609,1609,2936,0
1610,1610,1610,1610,1610,1610,24820,1
1611,1611,1611,1611,1611,1611,29326,1
1612,1612,1612,1612,1612,1612,32022,0
1613,1613,1613,1613,1613,1613,10478,1
1614,1614,1614,1614,1614,1614,24800,0
1615,1615,1615,1615,1615,1615,29243,0
1616,1616,1616,1616,1616,1616,22835,0
1617,1617,1617,1617,1617,1617,6615,1
1618,1618,1618,1618,1618,1618,32152,0
1619,1619,1619,1619,1619,1619,7281,0
1620,1620,1620,1620,1620,1620,7314,0
1621,1621,1621,1621,1621,1621,5479,0
1622,1622,1622,1622,1622,1622,28427,0
1623,1623,1623,1623,1623,1623,18166,1
1624,1624,1624,1624,1624,1624,18384,1
1625,1625,1625,1625,1625,1625,23628,0
1626,1626,1626,1626,1626,1626,18665,0
1627,1627,1627,1627,1627,1627,20691,0
1628,1628,1628,1628,1628,1628,10260,1
1629,1629,1629,1629,1629,1629,4586,1
1630,1630,1630,1630,1630,1630,610,0
1631,1631,1631,1631,1631,1631,17389,0
1632,1632,1632,1632,1632,1632,12558,1
1633,1633,1633,1633,1633,1633,16395,0
1634,1634,1634,1634,1634,1634,11770,0
1635,1635,1635,1635,1635,1635,27991,1
1636,1636,1636,1636,1636,1636,27425,0
1637,1637,1637,1637,1637,1637,25585,1
1638,1638,1638,1638,1638,1638,20758,0
1639,1639,1639,1639,1639,1639,4791,0
1640,1640,1640,1640,1640,1640,18816,1
1641,1641,1641,1641,1641,1641,31466,0
1642,1642,1642,1642,1642,1642,12500,0
1643,1643,1643,1643,1643,1643,1928,1
1644,1644,1644,1644,1644,1644,15385,1
1645,1645,1645,1645,1645,1645,14264,0
1646,1646,1646,1646,1646,1646,29541,0
1647,1647,1647,1647,1647,1647,8426,0
1648,1648,1648,1648,1648,1648,11148,0
1649,1649,1649,1649,1649,1649,22661,0
1650,1650,1650,1650,1650,1650,19550,1
1651,1651,1651,1651,1651,1651,15384,1
1652,1652,1652,1652,1652,1652,1443,0
1653,1653,1653,1653,1653,1653,14491,0
1654,1654,1654,1654,1654,1654,3275,0
1655,1655,1655,1655,1655,1655,5265,0
1656,1656,1656,1656,1656,1656,15865,0
1657,1657,1657,1657,1657,1657,8539,0
1658,1658,1658,1658,1658,1658,25995,0
1659,1659,1659,1659,1659,1659,12288,0
1660,1660,1660,1660,1660,1660,25411,0
1661,1661,1661,1661,1661,1661,12189,1
1662,1662,1662,1662,1662,1662,27933,0
1663,1663,1663,1663,1663,1663,11273,0
1664,1664,1664,1664,1664,1664,30859,0
1665,1665,1665,1665,1665,1665,15521,0
1666,1666,1666,1666,1666,1666,25054,1
1667,1667,1667,1667,1667,1667,11506,0
1668,1668,1668,1668,1668,1668,5934,0
1669,1669,1669,1669,1669,1669,3689,0
1670,1670,1670,1670,1670,1670,27337,0
1671,1671,1671,1671,1671,1671,15911,0
1672,1672,1672,1672,1672,1672,32996,0
1673,1673,1673,1673,1673,1673,10663,0
1674,1674,1674,1674,1674,1674,18356,1
1675,1675,1675,1675,1675,1675,6865,0
1676,1676,1676,1676,1676,1676,30679,0
1677,1677,1677,1677,1677,1677,7347,0
1678,1678,1678,1678,1678,1678,31951,1
1679,1679,1679,1679,1679,1679,13009,0
1680,1680,1680,1680,1680,1680,6452,0
1681,1681,1681,1681,1681,1681,19294,0
1682,1682,1682,1682,1682,1682,12946,0
1683,1683,1683,1683,1683,1683,8375,0
1684,1684,1684,1684,1684,1684,8043,0
1685,1685,1685,1685,1685,1685,4063,0
1686,1686,1686,1686,1686,1686,14821,0
1687,1687,1687,1687,1687,1687,16107,0
1688,1688,1688,1688,1688,1688,23465,1
1689,1689,1689,1689,1689,1689,18698,0
1690,1690,1690,1690,1690,1690,24582,0
1691,1691,1691,1691,1691,1691,19239,0
1692,1692,1692,1692,1692,1692,9664,0
1693,1693,1693,1693,1693,1693,17300,1
1694,1694,1694,1694,1694,1694,21257,0
1695,1695,1695,1695,1695,1695,26856,0
1696,1696,1696,1696,1696,1696,29283,0
1697,1697,1697,1697,1697,1697,30846,0
1698,1698,1698,1698,1698,1698,24670,0
1699,1699,1699,1699,1699,1699,11391,0
1700,1700,1700,1700,1700,1700,13823,0
1701,1701,1701,1701,1701,1701,25931,0
1702,1702,1702,1702,1702,1702,14638,0
1703,1703,1703,1703,1703,1703,29031,0
1704,1704,1704,1704,1704,1704,14883,1
1705,1705,1705,1705,1705,1705,17924,0
1706,1706,1706,1706,1706,1706,30951,0
1707,1707,1707,1707,1707,1707,9051,1
1708,1708,1708,1708,1708,1708,6963,0
1709,1709,1709,1709,1709,1709,3559,0
1710,1710,1710,1710,1710,1710,9700,0
1711,1711,1711,1711,1711,1711,11849,0
1712,1712,1712,1712,1712,1712,22737,0
1713,1713,1713,1713,1713,1713,6969,0
1714,1714,1714,1714,1714,1714,31870,0
1715,1715,1715,1715,1715,1715,25263,0
1716,1716,1716,1716,1716,1716,21049,0
1717,1717,1717,1717,1717,1717,17307,0
1718,1718,1718,1718,1718,1718,19471,0
1719,1719,1719,1719,1719,1719,22338,0
1720,1720,1720,1720,1720,1720,18519,1
1721,1721,1721,1721,1721,1721,8752,0
1722,1722,1722,1722,1722,1722,17254,0
1723,1723,1723,1723,1723,1723,31441,0
1724,1724,1724,1724,1724,1724,13175,0
1725,1725,1725,1725,1725,1725,2122,1
1726,1726,1726,1726,1726,1726,734,0
1727,1727,1727,1727,1727,1727,10655,1
1728,1728,1728,1728,1728,1728,20900,0
1729,1729,1729,1729,1729,1729,25977,1
1730,1730,1730,1730,1730,1730,8038,1
1731,1731,1731,1731,1731,1731,9275,0
1732,1732,1732,1732,1732,1732,26576,0
1733,1733,1733,1733,1733,1733,8184,1
1734,1734,1734,1734,1734,1734,25181,0
1735,1735,1735,1735,1735,1735,27059,0
1736,1736,1736,1736,1736,1736,17920,0
1737,1737,1737,1737,1737,1737,14932,0
1738,1738,1738,1738,1738,1738,2491,0
1739,1739,1739,1739,1739,1739,22450,1
1740,1740,1740,1740,1740,1740,12831,0
1741,1741,1741,1741,1741,1741,24057,1
1742,1742,1742,1742,1742,1742,27854,0
1743,1743,1743,1743,1743,1743,9083,0
1744,1744,1744,1744,1744,1744,26670,0
1745,1745,1745,1745,1745,1745,5709,0
1746,1746,1746,1746,1746,1746,31995,0
1747,1747,1747,1747,1747,1747,11845,0
1748,1748,1748,1748,1748,1748,14052,0
1749,1749,1749,1749,1749,1749,22407,1
1750,1750,1750,1750,1750,1750,33353,0
1751,1751,1751,1751,1751,1751,32278,1
1752,1752,1752,1752,1752,1752,14069,1
1753,1753,1753,1753,1753,1753,828,0
1754,1754,1754,1754,1754,1754,16574,0
1755,1755,1755,1755,1755,1755,6742,1
1756,1756,1756,1756,1756,1756,6583,0
1757,1757,1757,1757,1757,1757,15159,0
1758,1758,1758,1758,1758,1758,16614,0
1759,1759,1759,1759,1759,1759,27456,0
1760,1760,1760,1760,1760,1760,16462,1
1761,1761,1761,1761,1761,1761,32105,1
1762,1762,1762,1762,1762,1762,22464,1
1763,1763,1763,1763,1763,1763,20165,0
1764,1764,1764,1764,1764,1764,2610,0
1765,1765,1765,1765,1765,1765,18668,0
1766,1766,1766,1766,1766,1766,20361,1
1767,1767,1767,1767,1767,1767,1055,0
1768,1768,1768,1768,1768,1768,19794,1
1769,1769,1769,1769,1769,1769,4810,0
1770,1770,1770,1770,1770,1770,16560,1
1771,1771,1771,1771,1771,1771,5236,1
1772,1772,1772,1772,1772,1772,28886,0
1773,1773,1773,1773,1773,1773,18338,0
1774,1774,1774,1774,1774,1774,25697,0
1775,1775,1775,1775,1775,1775,15150,0
1776,1776,1776,1776,1776,1776,5005,0
1777,1777,1777,1777,1777,1777,8358,0
1778,1778,1778,1778,1778,1778,27297,1
1779,1779,1779,1779,1779,1779,19413,1
1780,1780,1780,1780,1780,1780,5111,1
1781,1781,1781,1781,1781,1781,13477,1
1782,1782,1782,1782,1782,1782,2120,0
1783,1783,1783,1783,1783,1783,28293,0
1784,1784,1784,1784,1784,1784,31481,1
1785,1785,1785,1785,1785,1785,25635,0
1786,1786,1786,1786,1786,1786,14041,0
1787,1787,1787,1787,1787,1787,10311,0
1788,1788,1788,1788,1788,1788,13925,0
1789,1789,1789,1789,1789,1789,2183,1
1790,1790,1790,1790,1790,1790,23188,0
1791,1791,1791,1791,1791,1791,8982,0
1792,1792,1792,1792,1792,1792,20064,1
1793,1793,1793,1793,1793,1793,21604,1
1794,1794,1794,1794,1794,1794,3991,1
1795,1795,1795,1795,1795,1795,3307,0
1796,1796,1796,1796,1796,1796,4343,0
1797,1797,1797,1797,1797,1797,24642,0
1798,1798,1798,1798,1798,1798,12008,0
1799,1799,1799,1799,1799,1799,22200,1
1800,1800,1800,1800,1800,1800,2789,0
1801,1801,1801,1801,1801,1801,22697,1
1802,1802,1802,1802,1802,1802,20321,0
1803,1803,1803,1803,1803,1803,13470,0
1804,1804,1804,1804,1804,1804,31236,1
1805,1805,1805,1805,1805,1805,32607,1
1806,1806,1806,1806,1806,1806,8216,1
1807,1807,1807,1807,1807,1807,5320,0
1808,1808,1808,1808,1808,1808,30466,1
1809,1809,1809,1809,1809,1809,24026,1
1810,1810,1810,1810,1810,1810,30013,0
1811,1811,1811,1811,1811,1811,22342,1
1812,1812,1812,1812,1812,1812,370,0
1813,1813,1813,1813,1813,1813,30365,1
1814,1814,1814,1814,1814,1814,30316,1
1815,1815,1815,1815,1815,1815,28350,0
1816,1816,1816,1816,1816,1816,11927,1
1817,1817,1817,1817,1817,1817,31708,1
1818,1818,1818,1818,1818,1818,25882,1
1819,1819,1819,1819,1819,1819,16079,1
1820,1820,1820,1820,1820,1820,21788,0
1821,1821,1821,1821,1821,1821,2530,1
1822,1822,1822,1822,1822,1822,20640,0
1823,1823,1823,1823,1823,1823,7148,0
1824,1824,1824,1824,1824,1824,20308,1
1825,1825,1825,1825,1825,1825,2196,0
1826,1826,1826,1826,1826,1826,17225,0
1827,1827,1827,1827,1827,1827,28163,0
1828,1828,1828,1828,1828,1828,16164,0
1829,1829,1829,1829,1829,1829,11460,1
1830,1830,1830,1830,1830,1830,2900,0
1831,1831,1831,1831,1831,1831,1026,0
1832,1832,1832,1832,1832,1832,8049,0
1833,1833,1833,1833,1833,1833,12413,0
1834,1834,1834,1834,1834,1834,17269,0
1835,1835,1835,1835,1835,1835,3885,0
1836,1836,1836,1836,1836,1836,5194,0
1837,1837,1837,1837,1837,1837,11644,1
1838,1838,1838,1838,1838,1838,28377,0
1839,1839,1839,1839,1839,1839,25914,1
1840,1840,1840,1840,1840,1840,24947,0
1841,1841,1841,1841,1841,1841,32540,0
1842,1842,1842,1842,1842,1842,1346,0
1843,1843,1843,1843,1843,1843,13220,0
1844,1844,1844,1844,1844,1844,19336,0
1845,1845,1845,1845,1845,1845,7416,0
1846,1846,1846,1846,1846,1846,26996,0
1847,1847,1847,1847,1847,1847,26859,0
1848,1848,1848,1848,1848,1848,13498,0
1849,1849,1849,1849,1849,1849,17659,0
1850,1850,1850,1850,1850,1850,25173,0
1851,1851,1851,1851,1851,1851,12002,0
1852,1852,1852,1852,1852,1852,22468,1
1853,1853,1853,1853,1853,1853,25106,0
1854,1854,1854,1854,1854,1854,11730,0
1855,1855,1855,1855,1855,1855,21871,0
1856,1856,1856,1856,1856,1856,19543,0
1857,1857,1857,1857,1857,1857,4842,1
1858,1858,1858,1858,1858,1858,12874,1
1859,1859,1859,1859,1859,1859,19725,1
1860,1860,1860,1860,1860,1860,27614,0
1861,1861,1861,1861,1861,1861,322,0
1862,1862,1862,1862,1862,1862,29603,0
1863,1863,1863,1863,1863,1863,28292,0
1864,1864,1864,1864,1864,1864,423,0
1865,1865,1865,1865,1865,1865,22858,0
1866,1866,1866,1866,1866,1866,16449,0
1867,1867,1867,1867,1867,1867,26195,0
1868,1868,1868,1868,1868,1868,29710,1
1869,1869,1869,1869,1869,1869,11901,1
1870,1870,1870,1870,1870,1870,8170,0
1871,1871,1871,1871,1871,1871,31818,1
1872,1872,1872,1872,1872,1872,10618,1
1873,1873,1873,1873,1873,1873,10217,0
1874,1874,1874,1874,1874,1874,13819,0
1875,1875,1875,1875,1875,1875,13722,0
1876,1876,1876,1876,1876,1876,18100,0
1877,1877,1877,1877,1877,1877,5029,0
1878,1878,1878,1878,1878,1878,31473,0
1879,1879,1879,1879,1879,1879,26801,0
1880,1880,1880,1880,1880,1880,18912,0
1881,1881,1881,1881,1881,1881,27030,0
1882,1882,1882,1882,1882,1882,3647,0
1883,1883,1883,1883,1883,1883,4222,1
1884,1884,1884,1884,1884,1884,25614,1
1885,1885,1885,1885,1885,1885,19648,1
1886,1886,1886,1886,1886,1886,22430,1
1887,1887,1887,1887,1887,1887,15851,0
1888,1888,1888,1888,1888,1888,301,0
1889,1889,1889,1889,1889,1889,18825,0
1890,1890,1890,1890,1890,1890,31758,1
1891,1891,1891,1891,1891,1891,5898,1
1892,1892,1892,1892,1892,1892,17932,0
1893,1893,1893,1893,1893,1893,30260,0
1894,1894,1894,1894,1894,1894,17669,0
1895,1895,1895,1895,1895,1895,14806,0
1896,1896,1896,1896,1896,1896,22480,0
1897,1897,1897,1897,1897,1897,29259,0
1898,1898,1898,1898,1898,1898,22746,0
1899,1899,1899,1899,1899,1899,9852,0
1900,1900,1900,1900,1900,1900,30,0
1901,1901,1901,1901,1901,1901,17854,0
1902,1902,1902,1902,1902,1902,9205,0
1903,1903,1903,1903,1903,1903,17779,1
1904,1904,1904,1904,1904,1904,20154,0
1905,1905,1905,1905,1905,1905,16828,1
1906,1906,1906,1906,1906,1906,7387,0
1907,1907,1907,1907,1907,1907,31802,0
1908,1908,1908,1908,1908,1908,17188,0
1909,1909,1909,1909,1909,1909,7300,0
1910,1910,1910,1910,1910,1910,12136,0
1911,1911,1911,1911,1911,1911,21899,0
1912,1912,1912,1912,1912,1912,10834,0
1913,1913,1913,1913,1913,1913,20841,1
1914,1914,1914,1914,1914,1914,5962,1
1915,1915,1915,1915,1915,1915,7813,0
1916,1916,1916,1916,1916,1916,10847,0
1917,1917,1917,1917,1917,1917,30109,1
1918,1918,1918,1918,1918,1918,3312,0
1919,1919,1919,1919,1919,1919,12884,0
1920,1920,1920,1920,1920,1920,20514,0
1921,1921,1921,1921,1921,1921,8411,0
1922,1922,1922,1922,1922,1922,16798,0
1923,1923,1923,1923,1923,1923,27389,0
1924,1924,1924,1924,1924,1924,32783,0
1925,1925,1925,1925,1925,1925,10230,0
1926,1926,1926,1926,1926,1926,5980,0
1927,1927,1927,1927,1927,1927,3672,1
1928,1928,1928,1928,1928,1928,29832,1
1929,1929,1929,1929,1929,1929,18719,1
1930,1930,1930,1930,1930,1930,23024,0
1931,1931,1931,1931,1931,1931,29629,1
1932,1932,1932,1932,1932,1932,8112,1
1933,1933,1933,1933,1933,1933,13953,0
1934,1934,1934,1934,1934,1934,17450,1
1935,1935,1935,1935,1935,1935,9752,1
1936,1936,1936,1936,1936,1936,10167,0
1937,1937,1937,1937,1937,1937,181,0
1938,1938,1938,1938,1938,1938,1476,0
1939,1939,1939,1939,1939,1939,16816,0
1940,1940,1940,1940,1940,1940,16023,0
1941,1941,1941,1941,1941,1941,12059,0
1942,1942,1942,1942,1942,1942,28220,0
1943,1943,1943,1943,1943,1943,18822,0
1944,1944,1944,1944,1944,1944,17720,0
1945,1945,1945,1945,1945,1945,13419,0
1946,1946,1946,1946,1946,1946,23734,1
1947,1947,1947,1947,1947,1947,6610,0
1948,1948,1948,1948,1948,1948,18569,0
1949,1949,1949,1949,1949,1949,25136,0
1950,1950,1950,1950,1950,1950,21469,0
1951,1951,1951,1951,1951,1951,19752,0
1952,1952,1952,1952,1952,1952,32453,0
1953,1953,1953,1953,1953,1953,24625,0
1954,1954,1954,1954,1954,1954,32745,0
1955,1955,1955,1955,1955,1955,15144,0
1956,1956,1956,1956,1956,1956,26541,0
1957,1957,1957,1957,1957,1957,14132,0
1958,1958,1958,1958,1958,1958,2580,0
1959,1959,1959,1959,1959,1959,32229,1
1960,1960,1960,1960,1960,1960,11638,0
1961,1961,1961,1961,1961,1961,7132,0
1962,1962,1962,1962,1962,1962,22168,0
1963,1963,1963,1963,1963,1963,29886,0
1964,1964,1964,1964,1964,1964,5130,0
1965,1965,1965,1965,1965,1965,923,0
1966,1966,1966,1966,1966,1966,28035,0
1967,1967,1967,1967,1967,1967,17153,0
1968,1968,1968,1968,1968,1968,30428,0
1969,1969,1969,1969,1969,1969,14687,0
1970,1970,1970,1970,1970,1970,26621,1
1971,1971,1971,1971,1971,1971,19744,0
1972,1972,1972,1972,1972,1972,32698,0
1973,1973,1973,1973,1973,1973,15049,1
1974,1974,1974,1974,1974,1974,32808,1
1975,1975,1975,1975,1975,1975,7535,0
1976,1976,1976,1976,1976,1976,20622,0
1977,1977,1977,1977,1977,1977,22863,0
1978,1978,1978,1978,1978,1978,21845,0
1979,1979,1979,1979,1979,1979,16135,0
1980,1980,1980,1980,1980,1980,15095,0
1981,1981,1981,1981,1981,1981,29703,0
1982,1982,1982,1982,1982,1982,14785,1
1983,1983,1983,1983,1983,1983,20150,0
1984,1984,1984,1984,1984,1984,19473,0
1985,1985,1985,1985,1985,1985,26862,0
1986,1986,1986,1986,1986,1986,3377,0
1987,1987,1987,1987,1987,1987,21166,1
1988,1988,1988,1988,1988,1988,24684,0
1989,1989,1989,1989,1989,1989,32511,0
1990,1990,1990,1990,1990,1990,10587,0
1991,1991,1991,1991,1991,1991,23210,0
1992,1992,1992,1992,1992,1992,8243,0
1993,1993,1993,1993,1993,1993,2046,0
1994,1994,1994,1994,1994,1994,875,0
1995,1995,1995,1995,1995,1995,437,0
1996,1996,1996,1996,1996,1996,9208,1
1997,1997,1997,1997,1997,1997,18560,0
1998,1998,1998,1998,1998,1998,31361,0
1999,1999,1999,1999,1999,1999,3432,1
2000,2000,2000,2000,2000,2000,17066,0
2001,2001,2001,2001,2001,2001,17993,1
2002,2002,2002,2002,2002,2002,4879,0
2003,2003,2003,2003,2003,2003,32898,0
2004,2004,2004,2004,2004,2004,28680,0
2005,2005,2005,2005,2005,2005,10304,0
2006,2006,2006,2006,2006,2006,26899,0
2007,2007,2007,2007,2007,2007,23403,0
2008,2008,2008,2008,2008,2008,21936,1
2009,2009,2009,2009,2009,2009,26927,0
2010,2010,2010,2010,2010,2010,25713,0
2011,2011,2011,2011,2011,2011,23976,0
2012,2012,2012,2012,2012,2012,29908,0
2013,2013,2013,2013,2013,2013,17426,1
2014,2014,2014,2014,2014,2014,9806,0
2015,2015,2015,2015,2015,2015,25886,0
2016,2016,2016,2016,2016,2016,2736,0
2017,2017,2017,2017,2017,2017,26688,0
2018,2018,2018,2018,2018,2018,19261,0
2019,2019,2019,2019,2019,2019,16728,0
2020,2020,2020,2020,2020,2020,8837,0
2021,2021,2021,2021,2021,2021,9345,0
2022,2022,2022,2022,2022,2022,25696,0
2023,2023,2023,2023,2023,2023,33236,0
2024,2024,2024,2024,2024,2024,7258,0
2025,2025,2025,2025,2025,2025,4274,0
2026,2026,2026,2026,2026,2026,18287,0
2027,2027,2027,2027,2027,2027,25062,0
2028,2028,2028,2028,2028,2028,11144,0
2029,2029,2029,2029,2029,2029,11404,0
2030,2030,2030,2030,2030,2030,13232,0
2031,2031,2031,2031,2031,2031,21968,1
2032,2032,2032,2032,2032,2032,12142,1
2033,2033,2033,2033,2033,2033,30796,0
2034,2034,2034,2034,2034,2034,23735,0
2035,2035,2035,2035,2035,2035,26679,0
2036,2036,2036,2036,2036,2036,21726,0
2037,2037,2037,2037,2037,2037,5171,1
2038,2038,2038,2038,2038,2038,3180,0
2039,2039,2039,2039,2039,2039,26950,0
2040,2040,2040,2040,2040,2040,24234,1
2041,2041,2041,2041,2041,2041,32649,0
2042,2042,2042,2042,2042,2042,4377,1
2043,2043,2043,2043,2043,2043,545,0
2044,2044,2044,2044,2044,2044,13114,0
2045,2045,2045,2045,2045,2045,22786,0
2046,2046,2046,2046,2046,2046,21335,1
2047,2047,2047,2047,2047,2047,13292,1
2048,2048,2048,2048,2048,2048,25862,0
2049,2049,2049,2049,2049,2049,37,1
2050,2050,2050,2050,2050,2050,25890,0
2051,2051,2051,2051,2051,2051,22037,0
2052,2052,2052,2052,2052,2052,29304,1
2053,2053,2053,2053,2053,2053,19816,0
2054,2054,2054,2054,2054,2054,7012,0
2055,2055,2055,2055,2055,2055,23338,0
2056,2056,2056,2056,2056,2056,30621,0
2057,2057,2057,2057,2057,2057,11855,0
2058,2058,2058,2058,2058,2058,14062,0
2059,2059,2059,2059,2059,2059,952,0
2060,2060,2060,2060,2060,2060,28695,1
2061,2061,2061,2061,2061,2061,25255,0
2062,2062,2062,2062,2062,2062,14684,0
2063,2063,2063,2063,2063,2063,2599,0
2064,2064,2064,2064,2064,2064,27764,1
2065,2065,2065,2065,2065,2065,22708,1
2066,2066,2066,2066,2066,2066,13605,0
2067,2067,2067,2067,2067,2067,3445,0
2068,2068,2068,2068,2068,2068,12029,0
2069,2069,2069,2069,2069,2069,28494,0
2070,2070,2070,2070,2070,2070,26151,0
2071,2071,2071,2071,2071,2071,30903,0
2072,2072,2072,2072,2072,2072,23078,1
2073,2073,2073,2073,2073,2073,3520,0
2074,2074,2074,2074,2074,2074,23948,0
2075,2075,2075,2075,2075,2075,20536,1
2076,2076,2076,2076,2076,2076,12472,0
2077,2077,2077,2077,2077,2077,12756,0
2078,2078,2078,2078,2078,2078,634,0
2079,2079,2079,2079,2079,2079,11458,0
2080,2080,2080,2080,2080,2080,20348,0
2081,2081,2081,2081,2081,2081,21057,0
2082,2082,2082,2082,2082,2082,26446,1
2083,2083,2083,2083,2083,2083,24170,0
2084,2084,2084,2084,2084,2084,16216,0
2085,2085,2085,2085,2085,2085,28349,0
2086,2086,2086,2086,2086,2086,17295,0
2087,2087,2087,2087,2087,2087,33316,0
2088,2088,2088,2088,2088,2088,5280,1
2089,2089,2089,2089,2089,2089,11201,0
2090,2090,2090,2090,2090,2090,26483,0
2091,2091,2091,2091,2091,2091,10977,0
2092,2092,2092,2092,2092,2092,33290,1
2093,2093,2093,2093,2093,2093,27216,1
2094,2094,2094,2094,2094,2094,7877,0
2095,2095,2095,2095,2095,2095,5650,0
2096,2096,2096,2096,2096,2096,6590,0
2097,2097,2097,2097,2097,2097,13464,1
2098,2098,2098,2098,2098,2098,25639,0
2099,2099,2099,2099,2099,2099,12406,0
2100,2100,2100,2100,2100,2100,32113,0
2101,2101,2101,2101,2101,2101,3787,0
2102,2102,2102,2102,2102,2102,23606,1
2103,2103,2103,2103,2103,2103,7522,0
2104,2104,2104,2104,2104,2104,15293,1
2105,2105,2105,2105,2105,2105,7564,0
2106,2106,2106,2106,2106,2106,19218,0
2107,2107,2107,2107,2107,2107,19678,0
2108,2108,2108,2108,2108,2108,19499,0
2109,2109,2109,2109,2109,2109,13962,0
2110,2110,2110,2110,2110,2110,22744,0
2111,2111,2111,2111,2111,2111,21887,0
2112,2112,2112,2112,2112,2112,28552,1
2113,2113,2113,2113,2113,2113,10726,0
2114,2114,2114,2114,2114,2114,6294,0
2115,2115,2115,2115,2115,2115,13833,1
2116,2116,2116,2116,2116,2116,31643,0
2117,2117,2117,2117,2117,2117,21500,0
2118,2118,2118,2118,2118,2118,33225,0
2119,2119,2119,2119,2119,2119,8905,1
2120,2120,2120,2120,2120,2120,9772,0
2121,2121,2121,2121,2121,2121,27163,0
2122,2122,2122,2122,2122,2122,24507,0
2123,2123,2123,2123,2123,2123,21339,1
2124,2124,2124,2124,2124,2124,1289,0
2125,2125,2125,2125,2125,2125,195,0
2126,2126,2126,2126,2126,2126,31762,0
2127,2127,2127,2127,2127,2127,7873,1
2128,2128,2128,2128,2128,2128,12215,0
